ciclo,t_ms,mv
1,0,142.8
1,5,147.4
1,10,174.3
1,15,203.8
1,20,223.7
1,25,249.5
1,30,259.0
1,35,271.0
1,40,285.6
1,45,293.5
1,50,311.8
1,55,303.6
1,60,309.7
1,65,316.1
1,70,327.8
1,75,332.9
1,80,334.5
1,85,341.5
1,90,348.0
1,95,348.1
1,100,347.8
1,105,354.2
1,110,354.1
1,115,362.5
1,120,369.5
1,125,368.0
1,130,366.6
1,135,375.0
1,140,371.3
1,145,371.1
1,150,363.2
1,155,369.4
1,160,372.0
1,165,378.3
1,170,378.3
1,175,376.5
1,180,380.8
1,185,386.5
1,190,383.5
1,195,384.8
1,200,382.1
1,205,394.4
1,210,383.8
1,215,379.7
1,220,389.9
1,225,393.2
1,230,378.5
1,235,392.8
1,240,386.1
1,245,391.6
1,250,395.0
1,255,393.7
1,260,391.6
1,265,395.5
1,270,391.5
1,275,391.2
1,280,393.8
1,285,390.9
1,290,395.8
1,295,395.0
1,300,395.3
1,305,408.0
1,310,398.0
1,315,390.0
1,320,402.0
1,325,398.7
1,330,402.2
1,335,396.6
1,340,399.4
1,345,408.9
1,350,399.8
1,355,393.1
1,360,402.2
1,365,403.4
1,370,403.6
1,375,404.1
1,380,395.6
1,385,395.5
1,390,401.1
1,395,405.2
1,400,406.9
1,405,404.1
1,410,399.4
1,415,403.9
1,420,396.5
1,425,403.1
1,430,404.9
1,435,405.8
1,440,399.5
1,445,403.5
1,450,403.9
1,455,402.5
1,460,403.8
1,465,406.8
1,470,406.3
1,475,402.4
1,480,405.0
1,485,402.9
1,490,406.5
1,495,403.5
1,500,407.5
1,505,403.8
1,510,405.7
1,515,407.0
1,520,408.0
1,525,403.7
1,530,405.5
1,535,406.2
1,540,401.8
1,545,406.1
1,550,403.8
1,555,412.5
1,560,406.6
1,565,403.6
1,570,410.5
1,575,407.4
1,580,403.2
1,585,405.6
1,590,403.0
1,595,403.8
1,600,403.7
1,605,411.2
1,610,413.6
1,615,406.1
1,620,410.6
1,625,406.8
1,630,415.9
1,635,410.6
1,640,405.9
1,645,412.5
1,650,406.8
1,655,404.6
1,660,407.6
1,665,407.9
1,670,401.2
1,675,402.0
1,680,414.2
1,685,413.1
1,690,406.9
1,695,407.9
1,700,406.5
1,705,405.4
1,710,406.0
1,715,407.0
1,720,410.2
1,725,417.6
1,730,409.6
1,735,412.1
1,740,404.4
1,745,405.4
1,750,409.1
1,755,410.4
1,760,406.5
1,765,413.8
1,770,406.6
1,775,404.0
1,780,409.0
1,785,399.0
1,790,416.2
1,795,410.4
1,800,406.2
1,805,404.0
1,810,404.8
1,815,407.3
1,820,405.8
1,825,406.9
1,830,409.8
1,835,418.1
1,840,406.4
1,845,407.2
1,850,410.5
1,855,416.8
1,860,401.5
1,865,413.8
1,870,407.0
1,875,406.5
1,880,413.9
1,885,406.5
1,890,406.8
1,895,410.0
1,900,403.6
1,905,412.9
1,910,409.5
1,915,405.2
1,920,407.0
1,925,407.8
1,930,409.6
1,935,405.8
1,940,412.1
1,945,414.4
1,950,408.9
1,955,406.7
1,960,417.9
1,965,411.8
1,970,410.7
1,975,410.9
1,980,410.9
1,985,406.9
1,990,406.3
1,995,411.8
1,1000,409.9
1,1005,411.9
1,1010,412.3
1,1015,409.8
1,1020,415.9
1,1025,412.8
1,1030,404.8
1,1035,412.4
1,1040,410.1
1,1045,411.2
1,1050,410.8
1,1055,406.9
1,1060,410.0
1,1065,408.1
1,1070,414.6
1,1075,412.2
1,1080,414.0
1,1085,416.5
1,1090,410.4
1,1095,408.5
1,1100,407.8
1,1105,408.1
1,1110,408.8
1,1115,414.6
1,1120,414.1
1,1125,408.8
1,1130,411.4
1,1135,415.6
1,1140,406.7
1,1145,409.9
1,1150,412.7
1,1155,406.2
1,1160,418.0
1,1165,412.7
1,1170,407.5
1,1175,415.9
1,1180,410.5
1,1185,416.2
1,1190,406.0
1,1195,411.0
1,1200,412.9
1,1205,406.8
1,1210,406.2
1,1215,414.9
1,1220,410.4
1,1225,408.7
1,1230,407.0
1,1235,413.1
1,1240,408.5
1,1245,405.0
1,1250,409.4
1,1255,407.0
1,1260,413.8
1,1265,412.6
1,1270,407.5
1,1275,413.5
1,1280,408.8
1,1285,414.9
1,1290,413.1
1,1295,413.4
1,1300,415.8
1,1305,405.0
1,1310,416.4
1,1315,410.1
1,1320,407.4
1,1325,397.9
1,1330,414.7
1,1335,404.0
1,1340,413.8
1,1345,411.8
1,1350,409.3
1,1355,415.6
1,1360,410.0
1,1365,409.0
1,1370,402.6
1,1375,410.9
1,1380,415.1
1,1385,410.3
1,1390,407.6
1,1395,405.4
1,1400,406.7
1,1405,407.5
1,1410,407.4
1,1415,406.8
1,1420,411.2
1,1425,412.1
1,1430,412.2
1,1435,416.2
1,1440,405.5
1,1445,405.1
1,1450,411.5
1,1455,408.6
1,1460,416.1
1,1465,415.2
1,1470,409.9
1,1475,414.5
1,1480,412.5
1,1485,406.3
1,1490,409.6
1,1495,410.7
1,1500,405.4
1,1505,404.6
1,1510,409.5
1,1515,413.5
1,1520,415.6
1,1525,409.6
1,1530,407.7
1,1535,414.0
1,1540,412.1
1,1545,407.6
1,1550,411.8
1,1555,412.5
1,1560,416.0
1,1565,410.5
1,1570,411.0
1,1575,409.6
1,1580,410.6
1,1585,414.1
1,1590,412.4
1,1595,409.1
1,1600,416.6
1,1605,406.3
1,1610,407.0
1,1615,408.9
1,1620,411.0
1,1625,406.6
1,1630,414.5
1,1635,410.2
1,1640,409.1
1,1645,412.1
1,1650,406.4
1,1655,406.5
1,1660,413.4
1,1665,413.7
1,1670,409.6
1,1675,412.0
1,1680,411.2
1,1685,413.1
1,1690,409.4
1,1695,414.5
1,1700,404.4
1,1705,414.6
1,1710,414.9
1,1715,413.0
1,1720,410.8
1,1725,416.5
1,1730,407.5
1,1735,408.8
1,1740,415.2
1,1745,415.1
1,1750,408.8
1,1755,410.9
1,1760,407.8
1,1765,411.5
1,1770,406.3
1,1775,411.0
1,1780,405.6
1,1785,415.7
1,1790,406.0
1,1795,400.4
1,1800,413.9
1,1805,410.4
1,1810,413.0
1,1815,412.4
1,1820,408.2
1,1825,411.1
1,1830,414.5
1,1835,412.4
1,1840,413.8
1,1845,411.4
1,1850,410.2
1,1855,414.7
1,1860,416.0
1,1865,416.0
1,1870,414.0
1,1875,413.1
1,1880,413.8
1,1885,412.1
1,1890,407.5
1,1895,412.9
1,1900,412.9
1,1905,409.1
1,1910,413.5
1,1915,413.6
1,1920,408.2
1,1925,418.9
1,1930,408.6
1,1935,413.5
1,1940,412.3
1,1945,406.6
1,1950,401.0
1,1955,415.0
1,1960,407.0
1,1965,416.8
1,1970,409.8
1,1975,411.1
1,1980,407.6
1,1985,415.2
1,1990,404.2
1,1995,406.8
2,0,156.4
2,5,176.4
2,10,210.8
2,15,236.7
2,20,242.9
2,25,261.9
2,30,282.9
2,35,289.2
2,40,297.2
2,45,306.3
2,50,314.5
2,55,317.0
2,60,314.2
2,65,333.2
2,70,341.8
2,75,348.2
2,80,343.5
2,85,344.0
2,90,356.5
2,95,352.9
2,100,363.5
2,105,363.1
2,110,364.5
2,115,365.1
2,120,361.0
2,125,369.3
2,130,372.5
2,135,371.8
2,140,374.9
2,145,375.6
2,150,371.6
2,155,374.5
2,160,376.5
2,165,378.2
2,170,380.9
2,175,386.9
2,180,385.5
2,185,381.7
2,190,388.6
2,195,389.0
2,200,383.9
2,205,392.8
2,210,389.3
2,215,389.3
2,220,390.9
2,225,393.1
2,230,383.4
2,235,388.8
2,240,388.3
2,245,396.0
2,250,395.2
2,255,388.9
2,260,394.2
2,265,396.8
2,270,394.6
2,275,400.9
2,280,396.0
2,285,401.6
2,290,389.0
2,295,395.4
2,300,403.3
2,305,398.0
2,310,399.4
2,315,408.4
2,320,400.0
2,325,401.0
2,330,399.5
2,335,407.4
2,340,398.8
2,345,396.9
2,350,399.9
2,355,400.9
2,360,401.6
2,365,408.6
2,370,403.6
2,375,407.7
2,380,407.5
2,385,405.1
2,390,402.0
2,395,407.6
2,400,403.9
2,405,408.1
2,410,404.3
2,415,403.6
2,420,408.4
2,425,404.2
2,430,404.9
2,435,402.7
2,440,405.8
2,445,404.3
2,450,411.6
2,455,405.1
2,460,405.0
2,465,411.8
2,470,403.1
2,475,400.6
2,480,397.2
2,485,413.4
2,490,408.4
2,495,407.1
2,500,408.6
2,505,408.8
2,510,414.6
2,515,404.4
2,520,409.8
2,525,406.0
2,530,408.5
2,535,400.5
2,540,404.6
2,545,397.4
2,550,405.4
2,555,408.5
2,560,401.2
2,565,401.4
2,570,409.4
2,575,404.3
2,580,401.6
2,585,415.4
2,590,409.8
2,595,407.5
2,600,405.0
2,605,407.9
2,610,409.5
2,615,409.9
2,620,409.0
2,625,414.9
2,630,411.0
2,635,405.7
2,640,406.5
2,645,412.2
2,650,411.5
2,655,415.2
2,660,405.6
2,665,414.3
2,670,410.2
2,675,404.9
2,680,404.2
2,685,411.8
2,690,413.4
2,695,412.0
2,700,416.2
2,705,412.8
2,710,413.6
2,715,411.0
2,720,407.0
2,725,410.4
2,730,418.0
2,735,400.4
2,740,414.6
2,745,411.3
2,750,414.6
2,755,405.2
2,760,406.6
2,765,412.9
2,770,416.2
2,775,408.6
2,780,406.4
2,785,394.0
2,790,412.1
2,795,406.8
2,800,411.6
2,805,404.6
2,810,404.5
2,815,405.1
2,820,417.8
2,825,422.1
2,830,414.7
2,835,395.2
2,840,416.9
2,845,416.5
2,850,406.4
2,855,404.4
2,860,412.1
2,865,409.6
2,870,421.6
2,875,414.1
2,880,408.0
2,885,406.3
2,890,406.8
2,895,410.1
2,900,414.3
2,905,409.2
2,910,406.3
2,915,406.4
2,920,401.8
2,925,411.8
2,930,407.0
2,935,412.0
2,940,401.5
2,945,411.1
2,950,407.5
2,955,421.2
2,960,412.2
2,965,410.4
2,970,407.1
2,975,409.5
2,980,421.0
2,985,412.6
2,990,416.0
2,995,421.5
2,1000,410.8
2,1005,405.2
2,1010,422.0
2,1015,410.1
2,1020,409.9
2,1025,410.6
2,1030,408.0
2,1035,424.0
2,1040,405.4
2,1045,413.1
2,1050,409.0
2,1055,407.4
2,1060,406.2
2,1065,409.6
2,1070,419.4
2,1075,408.3
2,1080,415.1
2,1085,412.8
2,1090,419.5
2,1095,414.1
2,1100,412.0
2,1105,410.0
2,1110,409.9
2,1115,416.6
2,1120,421.2
2,1125,416.2
2,1130,421.0
2,1135,414.2
2,1140,411.4
2,1145,416.4
2,1150,398.9
2,1155,420.2
2,1160,418.7
2,1165,407.0
2,1170,407.5
2,1175,407.6
2,1180,412.6
2,1185,414.5
2,1190,414.4
2,1195,410.1
2,1200,403.0
2,1205,411.4
2,1210,418.5
2,1215,415.0
2,1220,402.5
2,1225,406.8
2,1230,416.5
2,1235,413.8
2,1240,415.1
2,1245,415.8
2,1250,406.8
2,1255,415.1
2,1260,408.1
2,1265,414.4
2,1270,408.3
2,1275,414.5
2,1280,411.0
2,1285,406.1
2,1290,422.5
2,1295,423.5
2,1300,406.7
2,1305,411.5
2,1310,410.4
2,1315,408.0
2,1320,417.8
2,1325,405.9
2,1330,408.0
2,1335,409.0
2,1340,405.1
2,1345,404.5
2,1350,401.7
2,1355,415.5
2,1360,408.4
2,1365,409.7
2,1370,415.5
2,1375,414.4
2,1380,411.7
2,1385,417.1
2,1390,412.5
2,1395,410.7
2,1400,407.4
2,1405,407.5
2,1410,406.2
2,1415,419.0
2,1420,410.4
2,1425,404.6
2,1430,418.4
2,1435,415.4
2,1440,406.4
2,1445,408.2
2,1450,412.9
2,1455,411.2
2,1460,404.0
2,1465,409.6
2,1470,414.2
2,1475,407.2
2,1480,410.1
2,1485,412.0
2,1490,407.0
2,1495,421.5
2,1500,412.6
2,1505,413.8
2,1510,413.3
2,1515,413.7
2,1520,409.7
2,1525,414.2
2,1530,405.9
2,1535,412.6
2,1540,404.0
2,1545,412.1
2,1550,415.2
2,1555,411.1
2,1560,413.6
2,1565,407.3
2,1570,413.2
2,1575,409.3
2,1580,413.3
2,1585,414.0
2,1590,412.9
2,1595,414.4
2,1600,410.3
2,1605,411.8
2,1610,406.1
2,1615,405.5
2,1620,406.4
2,1625,406.2
2,1630,409.8
2,1635,413.2
2,1640,408.9
2,1645,415.0
2,1650,411.3
2,1655,410.3
2,1660,409.8
2,1665,415.1
2,1670,409.8
2,1675,413.6
2,1680,418.3
2,1685,406.9
2,1690,410.2
2,1695,413.2
2,1700,413.5
2,1705,405.6
2,1710,408.4
2,1715,410.6
2,1720,408.1
2,1725,407.8
2,1730,408.9
2,1735,415.8
2,1740,413.8
2,1745,409.0
2,1750,412.7
2,1755,410.7
2,1760,410.9
2,1765,415.0
2,1770,409.5
2,1775,413.4
2,1780,406.6
2,1785,412.8
2,1790,412.0
2,1795,414.8
2,1800,409.0
2,1805,408.8
2,1810,404.8
2,1815,408.2
2,1820,411.4
2,1825,412.4
2,1830,414.5
2,1835,412.4
2,1840,409.3
2,1845,415.1
2,1850,414.9
2,1855,412.3
2,1860,412.8
2,1865,413.2
2,1870,417.3
2,1875,411.9
2,1880,415.1
2,1885,410.6
2,1890,420.5
2,1895,408.5
2,1900,407.8
2,1905,410.1
2,1910,410.9
2,1915,411.1
2,1920,408.9
2,1925,413.9
2,1930,413.4
2,1935,414.1
2,1940,412.2
2,1945,415.0
2,1950,412.1
2,1955,414.8
2,1960,408.9
2,1965,417.8
2,1970,416.8
2,1975,409.0
2,1980,410.5
2,1985,411.6
2,1990,409.8
2,1995,406.5
3,0,159.6
3,5,182.5
3,10,204.0
3,15,233.6
3,20,239.1
3,25,267.4
3,30,273.2
3,35,286.4
3,40,299.5
3,45,307.8
3,50,324.4
3,55,324.8
3,60,327.0
3,65,327.7
3,70,342.1
3,75,334.4
3,80,346.3
3,85,350.8
3,90,352.0
3,95,351.4
3,100,363.1
3,105,358.3
3,110,366.5
3,115,361.7
3,120,363.4
3,125,365.6
3,130,366.0
3,135,367.2
3,140,376.8
3,145,373.4
3,150,382.5
3,155,377.8
3,160,383.8
3,165,382.7
3,170,384.7
3,175,382.6
3,180,378.3
3,185,389.3
3,190,390.1
3,195,386.4
3,200,387.6
3,205,392.6
3,210,394.4
3,215,392.9
3,220,387.5
3,225,393.6
3,230,384.2
3,235,394.3
3,240,397.3
3,245,392.4
3,250,394.2
3,255,392.9
3,260,401.9
3,265,400.5
3,270,399.8
3,275,404.7
3,280,397.1
3,285,400.9
3,290,401.1
3,295,400.0
3,300,409.1
3,305,406.5
3,310,399.7
3,315,408.5
3,320,402.9
3,325,406.4
3,330,406.0
3,335,400.8
3,340,405.3
3,345,405.0
3,350,400.4
3,355,412.4
3,360,404.8
3,365,409.4
3,370,408.8
3,375,408.9
3,380,398.7
3,385,406.4
3,390,406.7
3,395,405.6
3,400,405.0
3,405,410.4
3,410,405.0
3,415,404.8
3,420,406.1
3,425,412.8
3,430,403.2
3,435,412.3
3,440,408.8
3,445,403.2
3,450,408.2
3,455,402.5
3,460,412.2
3,465,405.0
3,470,405.4
3,475,408.5
3,480,416.4
3,485,405.1
3,490,405.2
3,495,403.0
3,500,408.2
3,505,410.5
3,510,407.2
3,515,405.1
3,520,411.4
3,525,416.3
3,530,411.8
3,535,405.2
3,540,405.9
3,545,409.4
3,550,412.4
3,555,411.6
3,560,415.1
3,565,406.9
3,570,409.6
3,575,407.4
3,580,412.6
3,585,417.2
3,590,406.9
3,595,409.6
3,600,410.5
3,605,408.0
3,610,407.5
3,615,401.2
3,620,412.4
3,625,411.1
3,630,414.8
3,635,422.3
3,640,405.6
3,645,410.9
3,650,406.4
3,655,409.3
3,660,415.0
3,665,417.8
3,670,411.6
3,675,410.2
3,680,414.0
3,685,407.9
3,690,408.0
3,695,412.0
3,700,416.7
3,705,412.0
3,710,414.2
3,715,415.6
3,720,408.8
3,725,411.2
3,730,415.0
3,735,413.4
3,740,410.9
3,745,409.8
3,750,406.5
3,755,399.0
3,760,403.5
3,765,408.4
3,770,409.4
3,775,414.8
3,780,413.5
3,785,414.1
3,790,415.9
3,795,410.6
3,800,409.2
3,805,410.8
3,810,411.8
3,815,418.8
3,820,409.7
3,825,410.4
3,830,414.5
3,835,410.6
3,840,405.0
3,845,409.1
3,850,417.5
3,855,409.3
3,860,416.1
3,865,411.1
3,870,409.9
3,875,415.8
3,880,413.0
3,885,413.1
3,890,410.6
3,895,404.0
3,900,408.5
3,905,414.8
3,910,409.9
3,915,415.5
3,920,409.5
3,925,407.6
3,930,413.4
3,935,411.8
3,940,404.3
3,945,403.1
3,950,409.2
3,955,409.0
3,960,414.1
3,965,412.5
3,970,413.8
3,975,409.4
3,980,408.6
3,985,413.5
3,990,416.1
3,995,412.0
3,1000,418.6
3,1005,412.5
3,1010,416.8
3,1015,411.0
3,1020,405.4
3,1025,415.9
3,1030,412.4
3,1035,420.5
3,1040,417.9
3,1045,414.4
3,1050,412.8
3,1055,411.9
3,1060,416.8
3,1065,412.7
3,1070,410.0
3,1075,405.1
3,1080,406.8
3,1085,406.1
3,1090,407.6
3,1095,401.9
3,1100,418.9
3,1105,412.0
3,1110,412.5
3,1115,406.5
3,1120,403.1
3,1125,409.3
3,1130,410.4
3,1135,408.8
3,1140,413.1
3,1145,415.5
3,1150,419.1
3,1155,411.4
3,1160,411.3
3,1165,413.2
3,1170,416.2
3,1175,409.2
3,1180,407.1
3,1185,414.5
3,1190,411.0
3,1195,413.2
3,1200,408.1
3,1205,420.6
3,1210,411.2
3,1215,413.1
3,1220,415.4
3,1225,406.8
3,1230,409.1
3,1235,418.2
3,1240,417.5
3,1245,411.3
3,1250,411.8
3,1255,413.0
3,1260,418.6
3,1265,411.2
3,1270,406.5
3,1275,413.2
3,1280,412.9
3,1285,409.5
3,1290,408.9
3,1295,414.2
3,1300,416.2
3,1305,416.8
3,1310,410.5
3,1315,411.4
3,1320,411.4
3,1325,413.4
3,1330,417.3
3,1335,409.1
3,1340,420.5
3,1345,413.6
3,1350,414.3
3,1355,404.0
3,1360,410.8
3,1365,410.0
3,1370,416.6
3,1375,412.6
3,1380,409.6
3,1385,418.0
3,1390,404.8
3,1395,413.5
3,1400,416.5
3,1405,414.7
3,1410,404.8
3,1415,412.2
3,1420,411.4
3,1425,418.6
3,1430,417.4
3,1435,414.3
3,1440,411.8
3,1445,419.2
3,1450,409.0
3,1455,421.8
3,1460,406.4
3,1465,413.1
3,1470,413.5
3,1475,414.2
3,1480,416.4
3,1485,411.1
3,1490,416.5
3,1495,412.3
3,1500,409.8
3,1505,415.5
3,1510,409.9
3,1515,412.2
3,1520,408.0
3,1525,416.2
3,1530,414.0
3,1535,411.8
3,1540,418.5
3,1545,413.3
3,1550,419.5
3,1555,413.8
3,1560,410.5
3,1565,415.8
3,1570,413.7
3,1575,421.2
3,1580,415.2
3,1585,414.9
3,1590,411.5
3,1595,412.5
3,1600,403.9
3,1605,409.2
3,1610,411.8
3,1615,410.2
3,1620,410.5
3,1625,414.5
3,1630,412.8
3,1635,412.0
3,1640,408.5
3,1645,407.0
3,1650,414.2
3,1655,411.7
3,1660,406.4
3,1665,416.2
3,1670,410.8
3,1675,409.8
3,1680,412.7
3,1685,415.0
3,1690,412.5
3,1695,419.8
3,1700,409.6
3,1705,411.9
3,1710,410.2
3,1715,419.5
3,1720,410.8
3,1725,417.9
3,1730,420.6
3,1735,417.0
3,1740,408.8
3,1745,407.8
3,1750,405.1
3,1755,413.1
3,1760,410.9
3,1765,401.1
3,1770,411.5
3,1775,413.8
3,1780,406.1
3,1785,415.5
3,1790,414.2
3,1795,409.3
3,1800,410.0
3,1805,416.6
3,1810,415.8
3,1815,414.2
3,1820,414.8
3,1825,407.7
3,1830,414.0
3,1835,418.4
3,1840,412.2
3,1845,414.1
3,1850,418.0
3,1855,414.4
3,1860,413.5
3,1865,418.2
3,1870,404.0
3,1875,416.4
3,1880,409.1
3,1885,409.9
3,1890,414.8
3,1895,423.5
3,1900,416.6
3,1905,408.9
3,1910,414.5
3,1915,411.0
3,1920,408.7
3,1925,408.5
3,1930,408.8
3,1935,416.5
3,1940,410.0
3,1945,412.7
3,1950,415.2
3,1955,408.1
3,1960,416.5
3,1965,413.0
3,1970,413.6
3,1975,409.7
3,1980,420.1
3,1985,414.2
3,1990,412.5
3,1995,418.4
