t_ms,temp_c,temp_estado,ur_pct,ur_estado,solo_mv,solo_mv_estado,solo_pct,solo_pct_estado,alim_mv,alim_estado,aht20_extras,leitura_us
233,20.19,ok,59.88,ok,1002.2,ok,53.4,ok,3374,ok,0,98113
2233,20.17,ok,59.82,ok,1004.1,ok,53.1,ok,3375,ok,0,97368
4233,20.17,ok,59.83,ok,1003.0,ok,53.3,ok,3374,ok,0,97271
6233,20.18,ok,59.77,ok,1002.6,ok,53.3,ok,3370,ok,0,97274
8233,20.16,ok,59.77,ok,1000.6,ok,53.6,ok,3374,ok,0,97271
10233,20.19,ok,59.77,ok,1003.8,ok,53.2,ok,3375,ok,0,97273
12233,20.17,ok,59.72,ok,1001.2,ok,53.5,ok,3376,ok,0,97271
14233,20.18,ok,59.79,ok,998.1,ok,53.9,ok,3372,ok,0,97312
16233,20.15,ok,59.90,ok,1003.6,ok,53.2,ok,3373,ok,0,97271
18233,20.15,ok,59.77,ok,1004.7,ok,53.1,ok,3374,ok,0,97279
20233,20.15,ok,59.69,ok,1003.3,ok,53.2,ok,3375,ok,0,97271
22233,20.15,ok,59.64,ok,997.3,ok,54.1,ok,3374,ok,0,97274
24233,20.15,ok,59.56,ok,1003.4,ok,53.2,ok,3373,ok,2,151468
26233,20.14,ok,59.62,ok,1004.3,ok,53.1,ok,3373,ok,0,97282
28233,20.16,ok,59.54,ok,1003.1,ok,53.3,ok,3378,ok,0,97267
30233,20.14,ok,59.55,ok,1000.7,ok,53.6,ok,3372,ok,0,97275
32233,20.15,ok,59.50,ok,999.8,ok,53.7,ok,3373,ok,0,97267
34233,20.14,ok,59.52,ok,1002.1,ok,53.4,ok,3372,ok,0,97268
36233,20.13,ok,59.40,ok,999.1,ok,53.8,ok,3372,ok,0,97268
38233,20.13,ok,59.37,ok,1002.0,ok,53.4,ok,3368,ok,0,97267
40233,20.14,ok,59.30,ok,997.6,ok,54.0,ok,3371,ok,0,97268
42233,20.13,ok,59.22,ok,1003.8,ok,53.2,ok,3371,ok,0,97268
44233,20.14,ok,59.28,ok,997.8,ok,54.0,ok,3374,ok,0,97268
46233,20.12,ok,59.38,ok,1002.2,ok,53.4,ok,3373,ok,0,97267
48233,20.13,ok,59.29,ok,999.4,ok,53.8,ok,3373,ok,0,97268
50233,20.14,ok,59.27,ok,999.7,ok,53.7,ok,3372,ok,0,97267
52233,20.10,ok,59.19,ok,1004.5,ok,53.1,ok,3374,ok,0,97268
54233,20.10,ok,59.16,ok,1005.0,ok,53.0,ok,3373,ok,0,97275
56233,20.12,ok,59.17,ok,997.4,ok,54.0,ok,3372,ok,0,97269
58233,20.14,ok,59.14,ok,1001.8,ok,53.4,ok,3371,ok,0,97268
60233,20.14,ok,59.11,ok,1001.8,ok,53.5,ok,3374,ok,0,97268
62233,20.13,ok,59.06,ok,999.9,ok,53.7,ok,3376,ok,0,97270
64233,20.09,ok,59.00,ok,998.6,ok,53.9,ok,3372,ok,0,97266
66233,20.10,ok,58.99,ok,1002.4,ok,53.4,ok,3373,ok,0,97270
68233,20.08,ok,58.96,ok,1000.9,ok,53.6,ok,3374,ok,0,97269
70233,20.07,ok,59.05,ok,999.0,ok,53.8,ok,3371,ok,0,97275
72233,20.08,ok,59.14,ok,1000.5,ok,53.6,ok,3367,ok,0,97266
74233,20.06,ok,59.13,ok,999.3,ok,53.8,ok,3371,ok,0,97270
76233,20.08,ok,59.16,ok,997.3,ok,54.1,ok,3373,ok,0,97266
78233,20.10,ok,59.12,ok,1001.1,ok,53.5,ok,3372,ok,0,97270
80233,20.09,ok,59.10,ok,1001.7,ok,53.5,ok,3368,ok,0,97268
82233,20.10,ok,59.12,ok,1001.6,ok,53.5,ok,3370,ok,0,97273
84233,20.11,ok,59.12,ok,1001.4,ok,53.5,ok,3373,ok,0,97268
86233,20.10,ok,59.15,ok,1003.5,ok,53.2,ok,3369,ok,0,97274
88233,20.09,ok,59.15,ok,1001.0,ok,53.6,ok,3372,ok,0,97269
90233,20.11,ok,59.19,ok,1000.1,ok,53.7,ok,3373,ok,0,97270
92233,20.11,ok,59.23,ok,998.9,ok,53.8,ok,3375,ok,0,97267
94233,20.11,ok,59.30,ok,1002.4,ok,53.4,ok,3373,ok,0,97267
96233,20.09,ok,59.49,ok,1000.4,ok,53.6,ok,3372,ok,0,97266
98233,20.11,ok,59.49,ok,997.9,ok,54.0,ok,3376,ok,0,97270
100233,20.11,ok,59.49,ok,996.9,ok,54.1,ok,3370,ok,0,97266
102233,20.11,ok,59.48,ok,1000.2,ok,53.7,ok,3373,ok,0,97270
104233,20.11,ok,59.50,ok,1001.5,ok,53.5,ok,3373,ok,0,97266
106233,20.12,ok,59.55,ok,999.5,ok,53.8,ok,3374,ok,0,97273
108233,20.12,ok,59.62,ok,999.7,ok,53.7,ok,3370,ok,0,97267
110233,20.13,ok,59.68,ok,1001.7,ok,53.5,ok,3372,ok,0,97274
112233,20.12,ok,59.70,ok,1006.3,ok,52.8,ok,3372,ok,0,97268
114233,20.13,ok,59.78,ok,998.2,ok,53.9,ok,3370,ok,0,97270
116233,20.12,ok,59.75,ok,998.9,ok,53.8,ok,3371,ok,0,97301
118233,20.12,ok,59.74,ok,995.0,ok,54.4,ok,3368,ok,0,97269
120233,20.13,ok,59.79,ok,995.3,ok,54.3,ok,3369,ok,0,97267
122233,20.12,ok,59.72,ok,1000.8,ok,53.6,ok,3371,ok,0,97270
124233,20.13,ok,59.74,ok,991.0,ok,54.9,ok,3368,ok,0,97267
126233,20.11,ok,59.70,ok,995.9,ok,54.2,ok,3370,ok,0,97270
128233,20.12,ok,59.65,ok,999.6,ok,53.7,ok,3366,ok,0,97266
130233,20.13,ok,59.65,ok,997.8,ok,54.0,ok,3366,ok,0,97270
132233,20.13,ok,59.71,ok,995.3,ok,54.3,ok,3371,ok,0,97267
134233,20.12,ok,59.73,ok,997.3,ok,54.1,ok,3370,ok,0,97275
136233,20.14,ok,59.80,ok,995.6,ok,54.3,ok,3369,ok,0,97267
138233,20.15,ok,59.79,ok,994.5,ok,54.4,ok,3371,ok,0,97273
140233,20.13,ok,59.73,ok,999.0,ok,53.8,ok,3370,ok,0,97268
142233,20.13,ok,59.70,ok,999.5,ok,53.8,ok,3367,ok,0,97270
144233,20.14,ok,59.69,ok,994.8,ok,54.4,ok,3369,ok,0,97267
146233,20.13,ok,59.74,ok,995.3,ok,54.3,ok,3366,ok,0,97304
148233,20.15,ok,59.71,ok,1000.8,ok,53.6,ok,3367,ok,0,97267
150233,20.14,ok,59.73,ok,997.4,ok,54.0,ok,3369,ok,0,97275
152233,20.14,ok,59.64,ok,994.1,ok,54.5,ok,3369,ok,0,97268
154233,20.14,ok,59.69,ok,994.8,ok,54.4,ok,3368,ok,0,97275
156233,20.15,ok,59.73,ok,996.2,ok,54.2,ok,3364,ok,0,97268
158233,20.14,ok,59.71,ok,993.1,ok,54.6,ok,3370,ok,0,97269
160233,20.15,ok,59.75,ok,998.0,ok,54.0,ok,3368,ok,0,97266
162233,20.14,ok,59.75,ok,996.2,ok,54.2,ok,3371,ok,0,97275
164233,20.13,ok,59.71,ok,999.6,ok,53.7,ok,3368,ok,0,97268
166233,20.11,ok,59.67,ok,993.9,ok,54.5,ok,3367,ok,0,97275
168233,20.15,ok,59.77,ok,997.3,ok,54.1,ok,3369,ok,0,97268
170233,20.14,ok,59.82,ok,995.5,ok,54.3,ok,3369,ok,0,97275
172233,20.14,ok,59.81,ok,996.0,ok,54.2,ok,3371,ok,0,97267
174233,20.13,ok,59.84,ok,997.8,ok,54.0,ok,3374,ok,0,97275
176233,20.17,ok,59.90,ok,994.8,ok,54.4,ok,3369,ok,0,97268
178233,20.15,ok,59.92,ok,1001.0,ok,53.6,ok,3366,ok,0,97275
180233,20.17,ok,59.93,ok,997.7,ok,54.0,ok,3369,ok,0,97267
182233,20.15,ok,59.97,ok,997.2,ok,54.1,ok,3367,ok,0,97275
184233,20.16,ok,59.92,ok,992.8,ok,54.7,ok,3368,ok,0,97267
186233,20.17,ok,59.90,ok,997.9,ok,54.0,ok,3365,ok,0,97273
188233,20.16,ok,59.88,ok,995.5,ok,54.3,ok,3373,ok,0,97267
190233,20.17,ok,59.85,ok,998.6,ok,53.9,ok,3371,ok,0,97276
192233,20.17,ok,59.81,ok,996.6,ok,54.1,ok,3369,ok,0,97268
194233,20.17,ok,59.77,ok,995.2,ok,54.3,ok,3370,ok,0,97270
196233,20.16,ok,59.71,ok,994.9,ok,54.4,ok,3370,ok,0,97267
198233,20.16,ok,59.67,ok,997.8,ok,54.0,ok,3371,ok,0,97275
200233,20.16,ok,59.58,ok,1000.6,ok,53.6,ok,3370,ok,0,97267
202233,20.16,ok,59.58,ok,998.5,ok,53.9,ok,3367,ok,0,97270
204233,20.16,ok,59.45,ok,995.2,ok,54.3,ok,3368,ok,0,97267
206233,20.15,ok,59.40,ok,993.6,ok,54.6,ok,3370,ok,0,97275
208233,20.13,ok,59.36,ok,996.1,ok,54.2,ok,3368,ok,0,97267
210233,20.14,ok,59.33,ok,1000.2,ok,53.7,ok,3372,ok,0,97275
212233,20.15,ok,59.33,ok,998.9,ok,53.8,ok,3368,ok,0,97268
214233,20.13,ok,59.35,ok,995.3,ok,54.3,ok,3366,ok,0,97270
216233,20.16,ok,59.28,ok,999.0,ok,53.8,ok,3368,ok,0,97268
218233,20.14,ok,59.26,ok,999.2,ok,53.8,ok,3366,ok,0,97269
220233,20.15,ok,59.23,ok,994.2,ok,54.5,ok,3367,ok,0,97267
222233,20.14,ok,59.10,ok,997.0,ok,54.1,ok,3366,ok,0,97275
224233,20.15,ok,59.10,ok,997.7,ok,54.0,ok,3368,ok,0,97266
226233,20.14,ok,59.07,ok,1001.6,ok,53.5,ok,3369,ok,0,97270
228233,20.14,ok,59.05,ok,993.6,ok,54.6,ok,3368,ok,0,97267
230233,20.16,ok,59.08,ok,995.5,ok,54.3,ok,3366,ok,0,97270
232233,20.16,ok,59.06,ok,997.7,ok,54.0,ok,3367,ok,0,97267
234233,20.16,ok,59.15,ok,996.6,ok,54.2,ok,3370,ok,0,97270
236233,20.14,ok,59.19,ok,994.4,ok,54.4,ok,3368,ok,0,97267
238233,20.15,ok,59.31,ok,997.3,ok,54.1,ok,3364,ok,0,97275
240233,20.16,ok,59.37,ok,995.7,ok,54.3,ok,3370,ok,0,97269
242233,20.16,ok,59.46,ok,998.0,ok,54.0,ok,3365,ok,0,97276
244233,20.15,ok,59.50,ok,991.6,ok,54.8,ok,3368,ok,0,97267
246233,20.15,ok,59.58,ok,999.3,ok,53.8,ok,3369,ok,0,97270
248233,20.17,ok,59.57,ok,997.6,ok,54.0,ok,3367,ok,0,97268
250233,20.15,ok,59.50,ok,997.3,ok,54.1,ok,3367,ok,0,97275
252233,20.15,ok,59.52,ok,995.5,ok,54.3,ok,3370,ok,0,97268
254233,20.14,ok,59.49,ok,997.2,ok,54.1,ok,3368,ok,0,97270
256233,20.17,ok,59.45,ok,998.2,ok,53.9,ok,3368,ok,0,97267
258233,20.16,ok,59.45,ok,998.2,ok,53.9,ok,3370,ok,0,97275
260233,20.16,ok,59.44,ok,999.5,ok,53.8,ok,3367,ok,0,97298
262233,20.17,ok,59.38,ok,992.6,ok,54.7,ok,3366,ok,0,97270
264233,20.15,ok,59.31,ok,998.7,ok,53.9,ok,3367,ok,0,97267
266233,20.15,ok,59.33,ok,999.0,ok,53.8,ok,3368,ok,0,97270
268233,20.15,ok,59.40,ok,995.1,ok,54.3,ok,3371,ok,0,97267
270233,20.17,ok,59.36,ok,996.8,ok,54.1,ok,3371,ok,0,97268
272233,20.17,ok,59.29,ok,997.4,ok,54.0,ok,3367,ok,0,97267
274233,20.18,ok,59.29,ok,992.4,ok,54.7,ok,3366,ok,0,97270
276233,20.17,ok,59.32,ok,994.1,ok,54.5,ok,3368,ok,0,97266
278233,20.19,ok,59.33,ok,996.4,ok,54.2,ok,3372,ok,0,97270
280233,20.20,ok,59.31,ok,995.5,ok,54.3,ok,3367,ok,0,97265
282233,20.19,ok,59.27,ok,994.6,ok,54.4,ok,3367,ok,0,97270
284233,20.17,ok,59.23,ok,993.5,ok,54.6,ok,3370,ok,0,97266
286233,20.17,ok,59.23,ok,998.9,ok,53.8,ok,3371,ok,0,97269
288233,20.18,ok,59.17,ok,994.1,ok,54.5,ok,3371,ok,0,97266
290233,20.15,ok,59.23,ok,999.5,ok,53.8,ok,3368,ok,0,97269
292233,20.18,ok,59.29,ok,999.4,ok,53.8,ok,3368,ok,0,97266
294233,20.17,ok,59.30,ok,999.3,ok,53.8,ok,3367,ok,0,97270
296233,20.17,ok,59.26,ok,993.1,ok,54.6,ok,3369,ok,0,97267
298233,20.17,ok,59.23,ok,1000.1,ok,53.7,ok,3371,ok,0,97269
300233,20.17,ok,59.26,ok,996.7,ok,54.1,ok,3369,ok,0,97267
302233,20.16,ok,59.23,ok,994.8,ok,54.4,ok,3370,ok,0,97267
304233,20.18,ok,59.21,ok,994.1,ok,54.5,ok,3369,ok,0,97267
306233,20.19,ok,59.21,ok,996.0,ok,54.2,ok,3368,ok,0,97268
308233,20.18,ok,59.19,ok,995.0,ok,54.4,ok,3363,ok,0,97266
310233,20.17,ok,59.20,ok,997.3,ok,54.1,ok,3365,ok,0,97268
312233,20.16,ok,59.13,ok,999.1,ok,53.8,ok,3367,ok,0,97267
314233,20.16,ok,59.10,ok,995.8,ok,54.2,ok,3368,ok,0,97269
316233,20.19,ok,59.06,ok,995.7,ok,54.3,ok,3367,ok,0,97267
318233,20.18,ok,59.05,ok,994.9,ok,54.4,ok,3368,ok,0,97268
320233,20.17,ok,59.00,ok,995.8,ok,54.3,ok,3371,ok,0,97267
322233,20.17,ok,59.01,ok,997.1,ok,54.1,ok,3371,ok,0,97269
324233,20.16,ok,58.97,ok,993.6,ok,54.5,ok,3372,ok,0,97266
326233,20.17,ok,59.05,ok,998.2,ok,53.9,ok,3368,ok,0,97269
328233,20.18,ok,59.07,ok,997.7,ok,54.0,ok,3370,ok,0,97266
330233,20.19,ok,59.09,ok,997.2,ok,54.1,ok,3369,ok,0,97269
332233,20.17,ok,59.07,ok,995.9,ok,54.2,ok,3369,ok,0,97268
334233,20.19,ok,59.09,ok,996.2,ok,54.2,ok,3368,ok,0,97268
336233,20.16,ok,59.12,ok,998.7,ok,53.9,ok,3371,ok,0,97267
338233,20.17,ok,59.21,ok,995.9,ok,54.2,ok,3367,ok,0,97269
340233,20.16,ok,59.17,ok,996.2,ok,54.2,ok,3368,ok,0,97266
342233,20.18,ok,59.29,ok,995.3,ok,54.3,ok,3372,ok,0,97299
344233,20.13,ok,59.20,ok,991.6,ok,54.8,ok,3370,ok,0,97266
346233,20.18,ok,59.21,ok,993.8,ok,54.5,ok,3365,ok,0,97270
348233,20.15,ok,59.24,ok,992.6,ok,54.7,ok,3365,ok,0,97266
350233,20.15,ok,59.28,ok,999.4,ok,53.8,ok,3371,ok,0,97267
352233,20.16,ok,59.27,ok,996.9,ok,54.1,ok,3369,ok,0,97267
354233,20.16,ok,59.30,ok,996.8,ok,54.1,ok,3368,ok,0,97269
356233,20.16,ok,59.27,ok,992.3,ok,54.7,ok,3367,ok,0,97267
358233,20.14,ok,59.25,ok,995.6,ok,54.3,ok,3369,ok,0,97270
360233,20.16,ok,59.26,ok,993.4,ok,54.6,ok,3368,ok,0,97266
362233,20.16,ok,59.23,ok,993.0,ok,54.6,ok,3365,ok,0,97274
364233,20.17,ok,59.21,ok,993.3,ok,54.6,ok,3367,ok,0,97266
366233,20.16,ok,59.26,ok,996.3,ok,54.2,ok,3367,ok,0,97268
368233,20.15,ok,59.23,ok,996.0,ok,54.2,ok,3370,ok,0,97267
370233,20.16,ok,59.21,ok,997.9,ok,54.0,ok,3369,ok,0,97269
372233,20.17,ok,59.22,ok,997.7,ok,54.0,ok,3370,ok,0,97266
374233,20.17,ok,59.34,ok,996.8,ok,54.1,ok,3369,ok,0,97270
376233,20.18,ok,59.37,ok,1000.5,ok,53.6,ok,3369,ok,0,97266
378233,20.17,ok,59.46,ok,997.1,ok,54.1,ok,3368,ok,0,97274
380233,20.19,ok,59.49,ok,1001.6,ok,53.5,ok,3367,ok,0,97268
382233,20.19,ok,59.48,ok,996.8,ok,54.1,ok,3370,ok,0,97270
384233,20.19,ok,59.45,ok,996.5,ok,54.2,ok,3367,ok,0,97297
386233,20.20,ok,59.54,ok,995.8,ok,54.3,ok,3369,ok,0,97268
388233,20.20,ok,59.54,ok,995.5,ok,54.3,ok,3366,ok,0,97266
390233,20.19,ok,59.56,ok,996.4,ok,54.2,ok,3367,ok,0,97269
392233,20.20,ok,59.52,ok,996.5,ok,54.2,ok,3370,ok,0,97267
394233,20.18,ok,59.45,ok,996.2,ok,54.2,ok,3367,ok,0,97269
396233,20.19,ok,59.48,ok,999.4,ok,53.8,ok,3369,ok,0,97266
398233,20.17,ok,59.39,ok,995.7,ok,54.3,ok,3370,ok,0,97270
400233,20.19,ok,59.42,ok,995.8,ok,54.3,ok,3370,ok,0,97266
402233,20.18,ok,59.44,ok,996.7,ok,54.1,ok,3364,ok,0,97269
404233,20.18,ok,59.45,ok,996.1,ok,54.2,ok,3368,ok,0,97266
406233,20.18,ok,59.46,ok,993.6,ok,54.5,ok,3371,ok,0,97269
408233,20.17,ok,59.36,ok,997.4,ok,54.0,ok,3370,ok,0,97268
410233,20.19,ok,59.35,ok,996.8,ok,54.1,ok,3369,ok,0,97270
412233,20.17,ok,59.35,ok,993.0,ok,54.6,ok,3369,ok,0,97266
414233,20.17,ok,59.36,ok,999.2,ok,53.8,ok,3369,ok,0,97269
416233,20.19,ok,59.40,ok,995.4,ok,54.3,ok,3367,ok,0,97267
418233,20.17,ok,59.34,ok,997.0,ok,54.1,ok,3368,ok,0,97274
420233,20.18,ok,59.34,ok,1004.3,ok,53.1,ok,3370,ok,0,97267
422233,20.21,ok,59.37,ok,996.5,ok,54.2,ok,3368,ok,0,97273
424233,20.19,ok,59.38,ok,992.6,ok,54.7,ok,3366,ok,0,97267
426233,20.20,ok,59.39,ok,994.8,ok,54.4,ok,3374,ok,0,97270
428233,20.22,ok,59.44,ok,997.1,ok,54.1,ok,3375,ok,0,97298
430233,20.21,ok,59.36,ok,1001.1,ok,53.5,ok,3372,ok,0,97267
432233,20.22,ok,59.32,ok,1001.0,ok,53.6,ok,3368,ok,0,97266
434233,20.20,ok,59.27,ok,996.8,ok,54.1,ok,3366,ok,0,97268
436233,20.20,ok,59.24,ok,996.7,ok,54.1,ok,3367,ok,0,97267
438233,20.23,ok,59.26,ok,988.5,ok,55.2,ok,3367,ok,0,97269
440233,20.22,ok,59.32,ok,1008.3,ok,52.6,ok,3368,ok,0,97266
442233,20.23,ok,59.29,ok,997.1,ok,54.1,ok,3370,ok,0,97268
444233,20.22,ok,59.32,ok,998.0,ok,54.0,ok,3366,ok,0,97267
446233,20.23,ok,59.33,ok,996.7,ok,54.1,ok,3371,ok,0,97272
448233,20.22,ok,59.34,ok,1000.5,ok,53.6,ok,3365,ok,0,97266
450233,20.21,ok,59.38,ok,992.1,ok,54.8,ok,3367,ok,0,97273
452233,20.24,ok,59.62,ok,996.5,ok,54.2,ok,3366,ok,0,97266
454233,20.23,ok,59.72,ok,1000.5,ok,53.6,ok,3366,ok,0,97269
456233,20.25,ok,59.77,ok,988.9,ok,55.2,ok,3366,ok,0,97267
458233,20.25,ok,59.78,ok,999.9,ok,53.7,ok,3368,ok,0,97270
460233,20.25,ok,59.82,ok,999.8,ok,53.7,ok,3368,ok,0,97266
462233,20.24,ok,59.75,ok,994.8,ok,54.4,ok,3367,ok,0,97273
464233,20.26,ok,59.72,ok,992.6,ok,54.7,ok,3370,ok,0,97267
466233,20.26,ok,59.63,ok,1001.3,ok,53.5,ok,3365,ok,0,97269
468233,20.26,ok,59.65,ok,988.6,ok,55.2,ok,3369,ok,0,97267
470233,20.27,ok,59.58,ok,997.1,ok,54.1,ok,3369,ok,0,97269
472233,20.24,ok,59.60,ok,995.7,ok,54.3,ok,3368,ok,0,97266
474233,20.25,ok,59.63,ok,998.5,ok,53.9,ok,3372,ok,0,97269
476233,20.25,ok,59.61,ok,988.3,ok,55.3,ok,3368,ok,0,97266
478233,20.25,ok,59.58,ok,1003.1,ok,53.3,ok,3370,ok,0,97269
480233,20.25,ok,59.56,ok,994.0,ok,54.5,ok,3368,ok,0,97266
482233,20.24,ok,59.48,ok,994.9,ok,54.4,ok,3365,ok,0,97273
484233,20.25,ok,59.43,ok,990.4,ok,55.0,ok,3366,ok,0,97266
486233,20.23,ok,59.33,ok,997.0,ok,54.1,ok,3369,ok,0,97270
488233,20.24,ok,59.25,ok,997.6,ok,54.0,ok,3372,ok,0,97266
490233,20.23,ok,59.22,ok,999.4,ok,53.8,ok,3371,ok,0,97268
492233,20.23,ok,59.19,ok,999.9,ok,53.7,ok,3365,ok,0,97266
494233,20.25,ok,59.15,ok,996.4,ok,54.2,ok,3368,ok,0,97269
496233,20.26,ok,59.08,ok,998.5,ok,53.9,ok,3368,ok,0,97266
498233,20.27,ok,59.08,ok,993.2,ok,54.6,ok,3369,ok,0,97275
500233,20.25,ok,59.02,ok,992.2,ok,54.7,ok,3370,ok,0,97268
502233,20.25,ok,58.96,ok,1002.9,ok,53.3,ok,3370,ok,0,97269
504233,20.24,ok,58.89,ok,994.9,ok,54.4,ok,3367,ok,0,97266
506233,20.26,ok,58.84,ok,995.0,ok,54.4,ok,3371,ok,0,97268
508233,20.25,ok,58.84,ok,998.6,ok,53.9,ok,3367,ok,0,97266
510233,20.25,ok,58.80,ok,998.3,ok,53.9,ok,3369,ok,0,97268
512233,20.25,ok,58.73,ok,999.4,ok,53.8,ok,3369,ok,0,97268
514233,20.25,ok,58.67,ok,1000.5,ok,53.6,ok,3365,ok,0,97269
516233,20.25,ok,58.67,ok,998.3,ok,53.9,ok,3367,ok,0,97267
518233,20.26,ok,58.65,ok,1001.1,ok,53.5,ok,3369,ok,0,97268
520233,20.27,ok,58.60,ok,994.6,ok,54.4,ok,3367,ok,0,97266
522233,20.26,ok,58.51,ok,993.0,ok,54.6,ok,3367,ok,0,97270
524233,20.26,ok,58.40,ok,997.2,ok,54.1,ok,3368,ok,0,97266
526233,20.25,ok,58.35,ok,992.3,ok,54.7,ok,3365,ok,0,97267
528233,20.25,ok,58.25,ok,985.9,ok,55.6,ok,3370,ok,0,97267
530233,20.25,ok,58.15,ok,1002.0,ok,53.4,ok,3371,ok,0,97270
532233,20.25,ok,58.12,ok,993.1,ok,54.6,ok,3372,ok,0,97267
534233,20.24,ok,58.08,ok,997.8,ok,54.0,ok,3367,ok,0,97274
536233,20.25,ok,58.14,ok,993.1,ok,54.6,ok,3372,ok,0,97267
538233,20.25,ok,58.17,ok,1000.2,ok,53.7,ok,3370,ok,0,97269
540233,20.25,ok,58.19,ok,990.1,ok,55.0,ok,3367,ok,0,97268
542233,20.25,ok,58.19,ok,995.2,ok,54.3,ok,3372,ok,0,97277
544233,20.24,ok,58.26,ok,1000.2,ok,53.7,ok,3364,ok,0,97297
546233,20.25,ok,58.26,ok,999.3,ok,53.8,ok,3368,ok,0,97269
548233,20.28,ok,58.34,ok,999.3,ok,53.8,ok,3368,ok,0,97268
550233,20.26,ok,58.39,ok,995.6,ok,54.3,ok,3370,ok,0,97276
552233,20.26,ok,58.52,ok,993.7,ok,54.5,ok,3371,ok,0,97268
554233,20.29,ok,58.61,ok,996.2,ok,54.2,ok,3366,ok,0,97272
556233,20.28,ok,58.68,ok,987.1,ok,55.4,ok,3369,ok,0,97267
558233,20.28,ok,58.71,ok,998.5,ok,53.9,ok,3369,ok,0,97271
560233,20.30,ok,58.77,ok,999.6,ok,53.7,ok,3369,ok,0,97268
562233,20.28,ok,58.69,ok,995.7,ok,54.3,ok,3367,ok,0,97272
564233,20.28,ok,58.62,ok,1010.8,ok,52.2,ok,3378,ok,0,97266
566233,20.28,ok,58.54,ok,994.5,ok,54.4,ok,3369,ok,0,97306
568233,20.29,ok,58.47,ok,994.4,ok,54.4,ok,3363,ok,0,97268
570233,20.29,ok,58.41,ok,993.2,ok,54.6,ok,3368,ok,0,97270
572233,20.28,ok,58.37,ok,999.2,ok,53.8,ok,3371,ok,0,97267
574233,20.29,ok,58.32,ok,994.0,ok,54.5,ok,3372,ok,0,97272
576233,20.28,ok,58.33,ok,1003.2,ok,53.3,ok,3370,ok,0,97266
578233,20.28,ok,58.22,ok,1000.6,ok,53.6,ok,3369,ok,0,97275
580233,20.28,ok,58.14,ok,998.3,ok,53.9,ok,3366,ok,0,97266
582233,20.28,ok,58.16,ok,999.2,ok,53.8,ok,3370,ok,0,97267
584233,20.29,ok,58.14,ok,989.1,ok,55.2,ok,3367,ok,0,97267
586233,20.28,ok,58.13,ok,998.6,ok,53.9,ok,3370,ok,0,97269
588233,20.27,ok,58.05,ok,995.0,ok,54.4,ok,3367,ok,0,97266
590233,20.27,ok,58.00,ok,993.5,ok,54.6,ok,3365,ok,0,97270
592233,20.27,ok,58.05,ok,996.3,ok,54.2,ok,3375,ok,0,97267
594233,20.28,ok,58.03,ok,996.4,ok,54.2,ok,3375,ok,0,97269
596233,20.27,ok,58.02,ok,1000.3,ok,53.6,ok,3362,ok,0,97266
598233,20.28,ok,58.08,ok,990.1,ok,55.0,ok,3368,ok,0,97269
600233,20.28,ok,58.01,ok,994.1,ok,54.5,ok,3365,ok,0,97266
602233,20.30,ok,58.08,ok,994.1,ok,54.5,ok,3372,ok,0,97269
604233,20.29,ok,58.07,ok,996.7,ok,54.1,ok,3368,ok,0,97266
