t_s,mv_media,mv_desvio_bloco
0.2,1760.4,21.9
1.1,1759.9,20.6
2.1,1760.0,17.2
3.0,1763.0,16.5
3.9,1759.0,17.9
4.9,1759.9,15.6
5.8,1759.4,23.3
6.8,1755.9,19.6
7.7,1759.9,24.2
8.6,1759.8,16.4
9.6,1755.1,20.8
10.5,1761.0,18.3
11.4,1758.6,21.2
12.4,1761.4,19.1
13.3,1759.3,20.1
14.2,1758.2,16.9
15.2,1756.5,19.1
16.1,1757.2,17.7
17.0,1756.6,19.2
18.0,1753.6,17.7
18.9,1756.7,20.0
19.8,1751.0,20.4
20.8,1758.0,19.0
21.7,1756.8,17.6
22.7,1752.4,15.9
23.6,1752.9,18.5
24.5,1752.6,21.9
25.5,1756.8,18.2
28.6,1754.3,15.6
29.5,1752.4,17.7
30.4,1752.2,19.4
31.4,1752.7,16.1
32.3,1757.0,17.5
33.3,1753.7,18.7
34.2,1749.2,16.4
35.1,1752.3,17.0
36.1,1757.6,21.2
37.0,1749.0,20.1
37.9,1753.2,17.6
38.9,1750.7,19.2
39.8,1750.7,22.3
40.7,1756.2,16.8
41.7,1750.6,20.9
42.6,1748.1,22.4
43.5,1747.0,19.6
44.4,1754.6,18.1
45.4,1750.3,18.9
46.3,1750.6,19.8
47.2,1754.5,21.0
48.2,1748.3,14.4
49.1,1751.1,14.7
50.0,1751.0,19.0
50.9,1749.9,16.3
51.9,1747.1,19.0
52.8,1747.3,17.9
53.8,1750.1,20.4
54.7,1746.9,19.7
55.7,1741.4,18.3
56.6,1749.8,18.2
57.5,1748.0,15.6
58.5,1744.9,21.2
59.4,1748.5,18.9
62.6,1745.6,20.9
63.5,1749.2,16.9
64.5,1749.2,17.3
65.4,1748.3,19.1
66.4,1745.5,15.2
67.3,1747.2,18.1
68.3,1748.7,22.3
69.2,1746.5,16.9
70.2,1747.9,21.2
71.1,1743.2,21.5
72.0,1746.5,21.0
73.0,1739.8,17.3
73.9,1744.0,17.5
74.9,1748.8,18.0
75.8,1741.6,20.0
76.8,1746.2,20.5
77.7,1745.1,22.5
78.6,1742.8,16.0
79.6,1743.1,17.4
80.5,1741.8,17.1
81.4,1743.9,16.9
82.4,1742.7,19.2
83.3,1745.4,19.9
84.2,1735.7,20.8
85.2,1744.0,21.6
86.1,1740.3,18.5
87.1,1737.8,18.4
88.0,1745.5,17.7
88.9,1743.5,21.4
89.9,1739.0,17.4
90.8,1738.6,19.5
91.8,1743.2,16.5
92.7,1739.3,15.2
93.6,1741.6,18.9
96.6,1737.4,18.8
97.5,1741.3,19.9
98.5,1741.1,19.6
99.4,1740.3,18.6
100.3,1740.3,19.6
101.3,1739.2,17.5
102.2,1737.9,18.4
103.2,1739.1,14.6
104.1,1734.5,18.4
105.0,1736.3,16.9
106.0,1736.0,16.6
106.9,1741.4,18.0
107.9,1738.8,21.7
108.8,1738.7,17.4
109.8,1736.8,18.4
110.7,1739.4,16.9
111.6,1736.8,19.1
112.6,1737.7,19.1
113.5,1735.2,15.9
114.4,1737.5,21.7
115.4,1740.4,16.8
116.3,1735.2,22.7
117.2,1731.3,17.5
118.2,1734.2,15.8
119.1,1734.4,20.4
120.1,1737.0,18.8
121.0,1736.8,19.0
121.9,1737.1,16.8
122.9,1736.5,19.1
123.8,1736.0,19.6
124.8,1732.0,17.1
125.7,1736.6,19.4
126.6,1737.2,16.5
127.6,1736.2,18.2
128.5,1733.6,19.6
131.6,1734.7,17.1
132.5,1731.8,18.2
133.4,1735.1,17.8
134.4,1732.0,17.3
135.3,1731.4,17.7
136.2,1735.2,19.2
137.2,1732.2,20.3
138.1,1731.5,16.5
139.1,1730.0,20.6
140.0,1733.8,17.7
141.0,1736.9,19.1
141.9,1732.6,20.7
142.8,1730.4,18.0
143.8,1734.6,17.3
144.7,1732.7,17.1
145.7,1732.3,19.1
146.6,1735.0,18.0
147.5,1733.8,15.0
148.5,1735.2,20.0
149.4,1735.0,18.2
150.3,1731.7,19.0
151.3,1733.5,19.6
152.2,1734.2,16.1
153.1,1735.4,19.5
154.1,1734.2,20.7
155.0,1730.7,19.0
156.0,1734.9,20.9
156.9,1732.6,20.7
157.8,1732.9,21.0
158.8,1725.9,17.0
159.7,1729.5,19.0
160.6,1729.9,17.1
161.6,1730.0,20.8
162.5,1732.5,22.6
165.6,1729.6,22.2
166.5,1731.5,20.4
167.5,1728.5,18.7
168.4,1728.3,18.2
169.3,1728.4,18.8
170.3,1730.8,20.9
171.2,1730.4,19.8
172.2,1730.1,17.2
173.1,1727.9,19.7
174.0,1732.2,19.2
175.0,1734.0,21.0
175.9,1737.7,16.4
176.9,1736.7,16.3
177.8,1732.3,18.8
178.7,1731.0,19.4
179.7,1730.5,20.5
180.6,1736.4,21.1
181.6,1732.6,20.0
182.5,1735.8,18.7
183.4,1735.4,27.1
184.4,1731.9,18.1
185.3,1737.6,18.6
186.2,1730.7,22.4
187.2,1730.8,17.9
188.1,1733.5,14.7
189.0,1734.0,20.1
190.0,1731.3,18.8
190.9,1728.3,17.3
191.9,1732.9,16.7
192.8,1733.5,18.6
193.7,1731.7,18.8
194.7,1733.2,17.6
195.6,1736.0,17.4
196.6,1730.9,18.5
199.6,1731.4,20.4
200.5,1731.4,21.3
201.5,1730.4,17.6
202.4,1728.5,16.5
203.4,1732.7,19.1
204.3,1732.2,18.3
205.2,1730.4,20.0
206.2,1730.1,19.3
207.1,1732.0,21.4
208.1,1732.0,17.9
209.0,1729.9,21.3
209.9,1729.1,16.7
210.9,1725.0,21.2
211.8,1732.7,22.2
212.8,1731.5,16.4
213.7,1729.5,17.0
214.6,1729.2,19.2
215.6,1729.5,18.3
216.5,1728.4,21.9
217.4,1730.0,16.5
218.4,1728.5,18.0
219.3,1726.9,18.9
220.3,1728.6,16.1
221.2,1727.2,17.6
222.1,1726.7,17.8
223.1,1727.9,17.6
224.0,1724.5,19.6
224.9,1724.3,17.7
225.9,1723.9,18.2
226.8,1728.4,18.7
227.8,1724.0,20.3
228.7,1727.5,19.0
229.6,1729.0,18.1
230.6,1728.7,19.2
231.5,1726.4,17.0
234.6,1732.0,17.8
235.5,1728.8,17.8
236.4,1730.1,16.8
237.4,1723.3,17.6
238.3,1720.8,19.6
239.3,1727.5,20.4
240.2,1724.1,17.4
241.1,1720.9,19.3
242.1,1723.8,17.6
243.0,1726.3,20.1
244.0,1726.9,20.0
244.9,1725.6,19.1
245.8,1728.1,16.0
246.8,1726.5,17.6
247.7,1721.8,20.1
248.7,1721.9,19.4
249.6,1724.7,20.0
250.5,1729.2,16.6
251.5,1726.8,21.4
252.4,1724.5,20.7
253.3,1722.7,18.7
254.3,1725.2,21.6
255.2,1719.0,18.4
256.1,1726.6,14.3
257.1,1725.2,16.8
258.0,1723.8,18.2
259.0,1723.4,17.8
259.9,1722.9,17.5
260.8,1719.8,18.1
261.8,1725.3,19.1
262.7,1721.1,16.3
263.6,1723.9,19.5
264.6,1722.8,17.0
265.5,1723.1,18.8
268.6,1724.8,18.8
269.5,1720.8,15.6
270.5,1725.6,19.4
271.4,1723.0,18.2
272.3,1723.1,22.1
273.3,1721.7,15.0
274.2,1720.2,17.7
275.2,1719.8,13.5
276.1,1720.7,17.3
277.0,1722.5,18.3
278.0,1716.8,18.6
278.9,1722.1,18.7
279.9,1724.4,18.1
280.8,1724.2,17.9
281.7,1719.0,21.5
282.7,1718.9,14.8
283.6,1721.2,13.7
284.5,1719.1,16.6
285.5,1720.8,15.1
286.4,1720.2,19.6
287.4,1720.1,18.3
288.3,1717.3,17.6
289.2,1717.7,20.7
290.2,1718.9,15.8
291.1,1712.9,18.6
292.0,1719.1,22.0
293.0,1719.6,17.0
293.9,1712.7,15.3
294.9,1717.5,16.6
295.8,1718.0,19.1
296.7,1715.0,20.6
297.7,1714.9,16.2
298.6,1718.0,21.4
299.6,1712.2,19.3
