t_s,mv_media,mv_desvio_bloco,temp_c,ur_pct,estado_aht20
0.4,1407.2,25.7,21.23,77.29,ok
1.9,1406.4,23.4,21.25,77.34,ok
2.9,1403.8,26.6,21.23,77.44,ok
3.9,1407.6,28.3,21.23,77.17,ok
4.9,1400.0,29.1,21.22,77.12,ok
5.9,1407.8,29.1,21.23,77.18,ok
6.9,1404.9,26.5,21.22,77.12,ok
7.9,1413.4,24.9,21.24,77.08,ok
8.9,1405.6,25.6,21.24,76.97,ok
9.9,1399.5,27.1,21.23,76.93,ok
10.9,1405.0,28.3,21.24,76.84,ok
11.9,1406.4,25.1,21.24,76.87,ok
12.9,1412.6,24.8,21.25,76.87,ok
13.9,1410.3,25.1,21.24,76.85,ok
14.8,1402.9,26.3,21.24,76.87,ok
15.8,1403.0,23.6,21.26,77.27,ok
16.8,1406.4,28.8,21.25,77.36,ok
17.8,1396.4,35.1,21.24,77.32,ok
18.8,1408.7,32.8,21.24,77.16,ok
19.7,1408.4,25.9,21.23,77.19,ok
20.7,1404.4,27.2,21.23,77.21,ok
21.6,1405.9,24.2,21.23,77.30,ok
22.6,1411.0,29.5,21.23,77.43,ok
23.5,1402.8,22.5,21.23,77.36,ok
24.5,1404.1,21.5,21.24,77.21,ok
25.5,1402.1,22.1,21.23,77.15,ok
26.5,1408.1,22.5,21.23,77.21,ok
27.5,1403.9,25.7,21.24,77.22,ok
28.5,1408.6,21.7,21.24,77.34,ok
29.5,1403.8,24.3,21.22,77.48,ok
30.4,1405.0,22.8,21.21,77.78,ok
31.4,1412.8,24.6,21.22,77.92,ok
32.4,1406.9,26.7,21.23,77.98,ok
33.4,1409.8,24.5,21.24,78.27,ok
34.9,1415.0,27.3,21.23,78.39,ok
35.9,1402.9,27.7,21.22,78.54,ok
36.9,1406.3,28.6,21.24,78.54,ok
37.9,1405.6,26.7,21.24,78.37,ok
38.9,1405.8,21.6,21.21,78.19,ok
39.9,1408.7,27.1,21.24,78.39,ok
40.9,1406.8,23.5,21.25,78.72,ok
41.9,1399.0,22.3,21.24,79.02,ok
42.9,1402.4,25.9,21.24,78.90,ok
43.8,1402.9,23.8,21.21,78.65,ok
44.8,1403.2,31.0,21.23,78.60,ok
45.7,1402.1,30.4,21.21,78.31,ok
46.7,1405.0,27.1,21.19,78.13,ok
47.6,1401.3,24.9,21.20,78.15,ok
48.6,1406.9,26.5,21.19,78.30,ok
49.6,1403.4,24.6,21.21,78.43,ok
50.6,1404.0,22.9,21.18,78.39,ok
51.5,1401.2,27.9,21.20,78.60,ok
52.5,1403.2,25.0,21.21,78.58,ok
53.5,1399.7,24.2,21.18,78.34,ok
54.5,1403.5,24.6,21.17,78.20,ok
55.5,1397.6,27.7,21.16,78.24,ok
56.5,1402.2,29.7,21.18,78.16,ok
57.4,1404.8,32.0,21.17,78.10,ok
58.4,1405.0,28.2,21.15,78.07,ok
59.4,1406.3,26.7,21.17,77.93,ok
60.4,1407.3,27.3,21.15,77.74,ok
61.4,1403.1,28.8,21.14,77.66,ok
62.4,1409.3,32.3,21.14,77.89,ok
63.4,1408.1,22.7,21.15,78.02,ok
64.4,1407.3,26.3,21.16,77.99,ok
65.3,1402.5,27.9,21.17,77.83,ok
66.3,1403.2,27.7,21.17,77.66,ok
68.0,1409.4,30.4,21.16,77.52,ok
69.0,1403.8,27.2,21.16,77.68,ok
70.0,1403.4,28.1,21.18,77.76,ok
71.0,1403.8,26.3,21.19,77.90,ok
72.0,1408.9,26.4,21.17,77.85,ok
73.0,1411.4,31.0,21.17,77.90,ok
74.0,1405.1,26.6,21.16,78.00,ok
75.0,1404.0,23.0,21.18,77.85,ok
75.9,1402.1,25.5,21.16,77.55,ok
76.9,1402.1,27.1,21.15,77.44,ok
77.9,1405.8,26.7,21.16,77.44,ok
78.9,1408.5,24.4,21.16,77.57,ok
79.9,1404.3,24.2,21.17,77.65,ok
80.8,1399.0,24.3,21.16,77.55,ok
81.8,1401.9,25.3,21.16,77.45,ok
82.8,1406.7,23.2,21.17,77.26,ok
83.8,1403.7,24.3,21.15,77.16,ok
84.7,1404.3,25.5,21.17,77.16,ok
85.7,1402.1,21.9,21.18,77.45,ok
86.6,1406.6,24.2,21.18,77.65,ok
87.6,1404.9,28.8,21.18,77.77,ok
88.5,1399.6,24.7,21.19,77.84,ok
89.5,1399.6,27.9,21.19,77.88,ok
90.5,1402.6,25.3,21.17,77.89,ok
91.5,1401.6,21.6,21.16,77.97,ok
92.5,1398.2,25.2,21.15,77.83,ok
93.5,1406.7,22.6,21.15,77.96,ok
94.4,1407.2,24.6,21.15,77.85,ok
95.4,1400.1,24.9,21.15,77.67,ok
96.4,1402.1,22.9,21.15,77.78,ok
97.4,1398.6,22.9,21.15,77.94,ok
98.4,1402.7,27.2,21.16,77.99,ok
99.9,1402.3,28.4,21.16,77.88,ok
100.9,1399.0,28.5,21.16,77.71,ok
101.9,1398.2,23.3,21.14,77.62,ok
102.9,1402.8,24.6,21.15,77.68,ok
103.9,1403.2,22.4,21.14,77.89,ok
104.9,1395.3,29.4,21.14,77.90,ok
105.9,1406.1,23.7,21.14,77.77,ok
106.9,1407.9,22.6,21.13,77.71,ok
107.9,1404.7,22.3,21.13,77.51,ok
108.9,1401.3,23.8,21.13,77.46,ok
109.9,1398.5,24.4,21.14,77.22,ok
110.8,1405.4,24.4,21.13,77.16,ok
111.8,1402.3,25.2,21.11,76.97,ok
112.8,1399.2,24.4,21.13,76.88,ok
113.8,1402.6,24.3,21.10,76.71,ok
114.8,1402.5,22.6,21.10,76.58,ok
115.7,1402.0,24.2,21.12,76.53,ok
116.7,1404.7,25.1,21.13,76.46,ok
117.7,1402.4,19.8,21.11,76.50,ok
118.6,1397.1,28.3,21.12,76.68,ok
119.6,1406.4,20.7,21.15,76.74,ok
120.5,1404.4,22.8,21.12,76.70,ok
121.5,1404.0,24.9,21.13,76.76,ok
122.5,1393.2,22.5,21.12,76.73,ok
123.5,1401.7,26.5,21.13,76.84,ok
124.5,1401.7,25.7,21.12,77.14,ok
125.5,1401.8,23.5,21.13,77.03,ok
126.4,1396.1,24.2,21.13,77.09,ok
127.4,1395.4,25.7,21.14,77.23,ok
128.4,1398.2,28.2,21.14,77.20,ok
129.4,1400.2,24.1,21.15,77.36,ok
130.4,1402.9,24.9,21.14,77.50,ok
131.4,1399.7,23.1,21.15,77.69,ok
132.9,1399.0,25.0,21.15,77.74,ok
133.9,1400.7,26.7,21.16,77.67,ok
134.9,1399.4,28.2,21.15,77.67,ok
135.9,1397.8,26.3,21.14,77.87,ok
136.9,1400.7,25.6,21.15,77.93,ok
137.9,1399.5,28.5,21.15,77.86,ok
138.9,1400.1,23.1,21.15,77.85,ok
139.9,1396.0,24.2,21.14,77.86,ok
140.9,1392.3,25.7,21.15,77.93,ok
141.9,1400.7,23.0,21.16,77.78,ok
142.8,1401.5,25.4,21.15,77.67,ok
143.8,1401.7,22.4,21.15,77.53,ok
144.8,1402.8,29.1,21.14,77.50,ok
145.8,1398.4,28.2,21.16,77.54,ok
146.7,1393.1,25.3,21.16,77.70,ok
147.7,1401.4,27.8,21.16,77.81,ok
148.7,1392.5,28.3,21.16,77.89,ok
149.7,1398.9,20.4,21.17,77.94,ok
150.6,1403.8,24.5,21.18,78.16,ok
151.6,1395.1,28.8,21.18,78.49,ok
152.6,1404.2,26.1,21.20,78.77,ok
153.5,1399.0,21.7,21.19,79.18,ok
154.5,1394.2,24.8,21.20,79.33,ok
155.5,1400.8,24.0,21.20,79.43,ok
156.5,1399.5,23.1,21.19,79.44,ok
157.5,1400.4,25.6,21.20,79.32,ok
158.4,1398.5,23.1,21.20,79.32,ok
159.4,1399.6,22.0,21.18,79.37,ok
160.4,1394.6,22.2,21.17,79.09,ok
161.4,1396.4,23.6,21.16,78.92,ok
162.4,1397.7,28.2,21.17,78.75,ok
163.4,1401.0,27.0,21.17,78.63,ok
164.4,1395.4,21.7,21.16,78.50,ok
166.0,1394.2,26.6,21.17,78.45,ok
167.0,1400.5,26.5,21.18,78.40,ok
168.0,1398.3,24.1,21.20,78.43,ok
169.0,1401.9,25.6,21.19,78.50,ok
170.0,1395.2,23.8,21.19,78.66,ok
170.9,1398.5,25.1,21.18,78.68,ok
171.9,1398.2,23.8,21.18,78.74,ok
172.9,1403.1,24.7,21.18,78.83,ok
173.9,1397.0,28.2,21.20,79.02,ok
174.9,1400.5,22.0,21.21,79.28,ok
175.8,1399.4,23.1,21.21,79.48,ok
176.8,1398.1,22.2,21.20,79.70,ok
177.8,1400.2,26.3,21.22,79.77,ok
178.7,1395.6,24.5,21.21,79.74,ok
179.7,1397.2,24.0,21.23,79.87,ok
180.7,1397.7,25.8,21.22,79.84,ok
181.7,1407.3,25.8,21.21,79.70,ok
182.7,1404.1,24.1,21.21,79.75,ok
183.6,1395.0,22.7,21.20,79.94,ok
184.6,1401.3,22.7,21.22,80.08,ok
185.6,1401.9,25.5,21.21,80.15,ok
186.6,1400.4,26.1,21.21,80.02,ok
187.6,1403.0,24.6,21.20,79.95,ok
188.6,1400.9,27.6,21.20,79.77,ok
189.5,1400.8,24.8,21.22,79.58,ok
190.5,1404.6,26.2,21.23,79.46,ok
191.5,1402.8,21.5,21.21,79.36,ok
192.5,1396.0,20.3,21.21,79.14,ok
193.5,1402.7,24.4,21.19,78.97,ok
194.5,1404.2,26.3,21.19,78.82,ok
195.4,1394.8,23.7,21.21,78.78,ok
196.4,1402.5,26.3,21.18,78.65,ok
197.4,1402.8,25.8,21.18,78.56,ok
198.9,1400.9,23.7,21.21,78.55,ok
199.9,1402.2,21.9,21.20,78.65,ok
200.9,1399.0,23.8,21.18,78.74,ok
201.9,1395.4,27.0,21.18,78.76,ok
202.9,1402.5,23.2,21.20,78.92,ok
203.9,1397.3,23.4,21.20,78.84,ok
204.9,1406.9,25.3,21.21,78.62,ok
205.8,1401.1,24.6,21.19,78.40,ok
206.8,1400.4,26.2,21.20,78.47,ok
207.8,1404.0,23.7,21.20,78.60,ok
208.7,1400.6,21.5,21.23,78.80,ok
209.7,1405.7,25.9,21.22,79.04,ok
210.6,1397.8,20.9,21.24,79.24,ok
211.6,1394.6,25.3,21.21,79.41,ok
212.6,1398.1,24.7,21.23,79.58,ok
213.6,1398.2,28.5,21.22,79.97,ok
214.6,1396.3,23.0,21.23,80.03,ok
215.6,1397.5,25.5,21.22,79.99,ok
216.5,1401.4,22.5,21.21,79.88,ok
217.5,1401.0,23.5,21.21,79.87,ok
218.5,1400.9,23.3,21.20,79.73,ok
219.5,1399.6,24.9,21.19,79.48,ok
220.5,1400.2,24.7,21.18,79.35,ok
221.5,1400.4,23.0,21.20,79.47,ok
222.4,1402.6,23.7,21.21,79.57,ok
223.4,1404.7,20.2,21.21,79.56,ok
224.4,1408.2,25.6,21.21,79.45,ok
225.4,1399.4,26.0,21.20,79.29,ok
226.4,1404.8,26.3,21.20,79.18,ok
227.4,1405.8,23.3,21.19,79.05,ok
228.4,1404.5,22.8,21.20,78.96,ok
229.3,1405.5,25.8,21.18,79.04,ok
230.3,1402.3,26.5,21.21,79.16,ok
232.0,1400.4,26.9,21.21,79.16,ok
233.0,1403.0,23.4,21.21,79.18,ok
234.0,1403.2,21.9,21.21,79.21,ok
235.0,1407.3,23.3,21.20,79.17,ok
235.9,1402.8,26.1,21.23,79.13,ok
236.9,1404.8,26.1,21.21,79.20,ok
237.9,1406.7,26.5,21.21,79.17,ok
238.9,1406.8,25.0,21.21,79.07,ok
239.9,1399.0,27.9,21.20,78.97,ok
240.8,1403.0,22.4,21.20,78.89,ok
241.8,1399.8,21.4,21.20,78.73,ok
242.8,1398.7,20.9,21.20,78.55,ok
243.8,1396.3,22.5,21.20,78.55,ok
244.7,1400.6,26.6,21.18,78.49,ok
245.7,1403.5,22.4,21.18,78.32,ok
246.7,1395.1,22.6,21.19,78.37,ok
247.7,1400.8,26.3,21.18,78.36,ok
248.7,1401.9,24.9,21.16,78.22,ok
249.6,1401.9,22.5,21.15,78.11,ok
250.6,1394.0,22.3,21.16,78.10,ok
251.6,1399.6,24.7,21.15,78.01,ok
252.6,1397.5,24.8,21.16,78.28,ok
253.6,1401.6,24.9,21.15,78.40,ok
254.6,1403.6,22.4,21.15,78.50,ok
255.5,1399.2,25.9,21.14,78.37,ok
256.5,1400.6,21.3,21.17,78.30,ok
257.5,1399.6,22.0,21.16,78.08,ok
258.5,1406.0,22.3,21.15,77.89,ok
259.5,1403.1,25.5,21.13,77.72,ok
260.5,1399.2,23.7,21.11,77.55,ok
261.4,1397.2,25.2,21.10,77.45,ok
262.4,1400.0,24.5,21.11,77.34,ok
263.4,1396.2,20.0,21.10,77.45,ok
264.9,1400.5,24.4,21.12,77.56,ok
265.9,1400.7,22.8,21.08,77.58,ok
266.9,1397.1,24.8,21.11,77.80,ok
267.9,1397.2,25.4,21.13,78.14,ok
268.9,1396.8,21.6,21.11,78.54,ok
269.9,1400.9,24.1,21.13,78.56,ok
270.8,1398.6,22.9,21.10,78.70,ok
271.8,1399.4,23.6,21.12,78.83,ok
272.8,1394.2,24.1,21.12,78.87,ok
273.8,1399.0,23.0,21.12,78.91,ok
274.8,1397.5,25.2,21.14,79.01,ok
275.7,1407.2,21.8,21.13,79.25,ok
276.7,1395.0,24.5,21.12,79.25,ok
277.7,1399.5,24.1,21.13,79.22,ok
278.7,1399.1,24.5,21.11,79.05,ok
279.6,1396.8,24.3,21.13,79.06,ok
280.6,1397.9,22.1,21.13,78.97,ok
281.6,1393.7,23.4,21.12,78.89,ok
282.6,1399.3,26.1,21.11,78.82,ok
283.6,1401.9,25.9,21.11,78.75,ok
284.5,1404.4,25.2,21.12,78.82,ok
285.5,1402.0,21.8,21.12,78.62,ok
286.5,1401.6,24.9,21.11,78.39,ok
287.5,1404.3,23.9,21.11,78.36,ok
288.5,1398.2,22.7,21.12,78.46,ok
289.5,1398.3,26.3,21.10,78.50,ok
290.4,1400.2,25.8,21.12,78.55,ok
291.4,1397.9,21.8,21.11,78.42,ok
292.4,1401.3,22.4,21.10,78.22,ok
293.4,1399.4,24.7,21.11,78.27,ok
294.4,1398.9,20.8,21.11,78.31,ok
295.4,1396.8,23.0,21.10,78.19,ok
296.9,1403.6,20.9,21.08,78.05,ok
297.9,1399.0,24.2,21.09,78.05,ok
298.9,1396.3,23.7,21.12,78.09,ok
299.9,1400.8,27.1,21.11,78.22,ok
300.9,1400.6,22.8,21.09,78.30,ok
301.9,1404.2,22.6,21.09,78.14,ok
302.9,1398.7,24.4,21.08,78.00,ok
303.8,1401.8,23.6,21.09,77.91,ok
304.8,1401.4,21.9,21.09,77.88,ok
305.8,1406.8,21.8,21.08,77.85,ok
306.8,1400.7,23.4,21.10,77.87,ok
307.7,1401.8,25.5,21.08,77.85,ok
308.7,1398.7,21.2,21.10,78.00,ok
309.7,1396.5,30.9,21.10,77.94,ok
310.6,1397.0,24.2,21.10,77.88,ok
311.6,1398.2,26.5,21.10,77.96,ok
312.6,1401.5,19.4,21.08,78.08,ok
313.6,1401.0,20.8,21.10,78.17,ok
314.6,1404.4,20.3,21.09,78.31,ok
315.6,1402.7,24.0,21.10,78.57,ok
316.5,1405.0,24.0,21.09,78.69,ok
317.5,1402.7,22.3,21.09,78.58,ok
318.5,1404.3,19.3,21.08,78.39,ok
319.5,1402.4,21.4,21.12,78.23,ok
320.5,1398.5,24.1,21.10,78.07,ok
321.5,1399.4,23.5,21.10,77.86,ok
322.5,1406.1,22.2,21.11,77.78,ok
323.4,1400.7,21.2,21.09,77.71,ok
324.4,1405.6,24.3,21.09,77.52,ok
325.4,1397.4,23.7,21.10,77.39,ok
326.4,1401.1,25.2,21.09,77.45,ok
327.4,1400.3,21.3,21.12,77.67,ok
328.4,1405.6,21.4,21.09,77.71,ok
330.0,1399.1,22.1,21.10,78.07,ok
330.9,1400.5,22.0,21.10,78.02,ok
331.9,1404.3,21.2,21.08,77.84,ok
332.9,1400.1,22.7,21.06,77.65,ok
333.9,1398.5,25.3,21.06,77.55,ok
334.9,1401.7,22.3,21.03,77.48,ok
335.9,1400.3,27.5,21.02,77.59,ok
336.9,1401.8,22.0,21.02,77.58,ok
337.8,1404.6,25.5,21.01,77.48,ok
338.8,1402.5,25.8,21.01,77.43,ok
339.7,1402.0,21.5,21.01,77.37,ok
340.7,1401.5,23.9,20.99,77.30,ok
341.7,1403.0,26.3,21.00,77.20,ok
342.7,1403.7,27.0,21.00,77.11,ok
343.6,1403.5,27.7,20.98,77.13,ok
344.6,1402.5,28.8,20.97,77.22,ok
345.6,1397.6,24.3,20.96,77.21,ok
346.6,1400.2,24.2,20.95,77.06,ok
347.6,1402.8,27.0,20.94,76.96,ok
348.6,1402.9,27.1,20.95,76.89,ok
349.5,1396.6,22.3,20.93,76.70,ok
350.5,1406.7,23.4,20.92,76.63,ok
351.5,1400.4,22.6,20.93,76.57,ok
352.5,1404.0,22.9,20.94,76.77,ok
353.5,1398.8,26.6,20.94,76.75,ok
354.5,1398.0,22.5,20.94,76.61,ok
355.4,1404.4,25.9,20.93,76.58,ok
356.4,1394.8,24.1,20.94,76.79,ok
357.4,1401.7,21.8,20.96,77.09,ok
358.4,1402.9,22.8,20.97,77.30,ok
359.4,1402.8,24.8,20.96,77.31,ok
360.4,1401.6,23.7,20.95,77.37,ok
361.4,1400.4,23.1,20.94,77.51,ok
363.0,1405.3,25.7,20.95,77.73,ok
363.9,1404.6,22.1,20.97,77.67,ok
364.9,1405.0,24.2,20.98,77.64,ok
365.9,1403.6,20.4,20.99,77.80,ok
366.9,1402.5,26.5,20.99,78.08,ok
367.9,1397.1,25.2,20.99,78.20,ok
368.9,1400.5,28.0,20.99,78.23,ok
369.9,1399.6,22.4,21.01,78.47,ok
370.8,1400.4,21.3,20.99,78.71,ok
371.8,1406.3,22.6,20.99,78.79,ok
372.8,1394.3,20.1,21.00,78.95,ok
373.8,1403.6,23.5,20.99,78.92,ok
374.8,1400.6,21.6,20.99,78.74,ok
375.7,1401.6,21.1,20.99,78.51,ok
376.7,1400.5,25.4,20.98,78.29,ok
377.7,1399.8,24.4,21.00,78.09,ok
378.6,1403.0,20.6,21.00,77.97,ok
379.6,1401.4,21.2,20.99,77.72,ok
380.6,1398.6,24.1,20.99,77.62,ok
381.6,1401.1,22.2,20.99,77.47,ok
382.5,1401.1,23.0,20.98,77.29,ok
383.5,1401.2,22.0,20.99,77.46,ok
384.5,1403.1,19.5,21.01,77.60,ok
385.5,1400.3,24.8,21.02,77.77,ok
386.5,1401.0,23.1,20.98,77.89,ok
387.5,1399.7,26.7,20.99,77.73,ok
388.4,1400.8,25.2,20.99,77.76,ok
389.4,1400.7,25.1,20.98,77.71,ok
390.4,1402.2,23.1,20.96,77.65,ok
391.4,1395.6,24.6,20.96,77.65,ok
392.4,1398.4,25.0,20.94,77.74,ok
393.4,1400.8,23.8,20.96,77.80,ok
394.4,1399.5,25.6,20.95,77.80,ok
395.9,1401.7,22.1,20.94,77.76,ok
396.9,1400.7,22.5,20.94,77.72,ok
397.9,1399.9,23.7,20.93,77.65,ok
398.9,1397.5,23.5,20.91,77.53,ok
399.9,1401.4,26.7,20.90,77.68,ok
400.9,1394.5,26.6,20.89,77.54,ok
401.9,1401.4,26.8,20.89,77.61,ok
402.8,1402.6,23.5,20.89,77.45,ok
403.8,1407.0,27.3,20.86,77.40,ok
404.8,1399.2,23.2,20.87,77.35,ok
405.7,1398.7,22.1,20.87,77.33,ok
406.7,1396.5,24.0,20.87,77.33,ok
407.7,1398.0,21.9,20.86,77.24,ok
408.7,1397.3,24.5,20.83,77.13,ok
409.7,1397.7,22.4,20.85,77.08,ok
410.7,1401.5,22.7,20.81,77.12,ok
411.6,1401.6,23.5,20.82,77.35,ok
412.6,1405.5,28.3,20.83,77.54,ok
413.6,1403.4,24.0,20.83,77.86,ok
414.6,1395.5,23.3,20.83,77.79,ok
415.6,1401.0,22.0,20.82,77.71,ok
416.5,1404.2,25.3,20.79,77.65,ok
417.5,1398.8,20.6,20.79,77.57,ok
418.5,1402.0,19.7,20.79,77.52,ok
419.5,1396.4,24.9,20.77,77.45,ok
420.5,1402.4,24.0,20.77,77.31,ok
421.5,1400.0,24.1,20.78,77.29,ok
422.4,1398.6,24.2,20.79,77.22,ok
423.4,1399.7,25.1,20.78,77.19,ok
424.4,1398.3,22.4,20.78,77.27,ok
425.4,1397.6,19.9,20.77,77.30,ok
426.4,1398.7,29.8,20.78,77.49,ok
427.4,1397.6,22.6,20.77,77.41,ok
428.9,1393.8,24.2,20.76,77.45,ok
429.9,1403.1,25.2,20.77,77.60,ok
430.9,1397.5,21.8,20.74,77.47,ok
431.9,1395.4,23.4,20.75,77.40,ok
432.9,1396.1,24.8,20.74,77.37,ok
433.9,1402.0,21.5,20.73,77.29,ok
434.9,1400.7,22.1,20.73,77.22,ok
435.8,1401.8,22.8,20.72,77.14,ok
436.8,1398.7,21.1,20.74,77.23,ok
437.8,1398.4,28.0,20.73,77.35,ok
438.7,1395.7,24.3,20.75,77.30,ok
439.7,1399.4,23.9,20.73,77.16,ok
440.7,1403.5,24.9,20.72,77.21,ok
441.7,1407.4,28.4,20.70,77.16,ok
442.7,1394.4,23.7,20.71,77.20,ok
443.7,1398.3,24.1,20.70,77.16,ok
444.6,1393.7,24.1,20.70,77.06,ok
445.6,1396.5,18.0,20.69,76.97,ok
446.6,1397.8,20.8,20.68,76.96,ok
447.6,1397.1,24.3,20.68,76.78,ok
448.5,1401.3,21.1,20.69,76.98,ok
449.5,1393.6,21.2,20.68,77.16,ok
450.5,1402.2,21.5,20.69,77.28,ok
451.5,1400.3,20.5,20.71,77.34,ok
452.5,1396.0,25.7,20.68,77.32,ok
453.5,1400.4,26.2,20.69,77.23,ok
454.4,1394.1,24.8,20.69,77.32,ok
455.4,1392.9,24.3,20.69,77.33,ok
456.4,1396.9,26.6,20.67,77.41,ok
457.4,1398.3,22.8,20.68,77.50,ok
458.4,1400.4,23.5,20.71,77.61,ok
459.4,1397.9,26.4,20.69,77.60,ok
460.4,1400.5,30.3,20.67,77.46,ok
461.9,1395.3,21.7,20.67,77.53,ok
462.9,1391.8,24.2,20.65,77.59,ok
463.9,1397.5,25.4,20.66,77.42,ok
464.9,1400.7,24.2,20.64,77.39,ok
465.9,1397.7,23.7,20.62,77.25,ok
466.9,1400.0,22.6,20.63,77.23,ok
467.9,1399.8,23.7,20.60,77.17,ok
468.8,1397.4,26.0,20.61,77.12,ok
469.8,1401.5,25.7,20.59,77.20,ok
470.8,1402.2,21.6,20.61,77.20,ok
471.8,1400.2,23.9,20.60,77.22,ok
472.8,1401.0,22.9,20.59,77.23,ok
473.7,1399.2,25.5,20.58,77.23,ok
474.7,1399.1,25.6,20.62,77.47,ok
475.7,1394.8,23.3,20.62,77.72,ok
476.6,1395.0,23.1,20.63,77.81,ok
477.6,1404.3,25.0,20.60,77.78,ok
478.6,1397.8,22.0,20.60,77.79,ok
479.5,1400.8,25.5,20.57,77.54,ok
480.5,1396.2,26.8,20.55,77.43,ok
481.5,1394.2,23.3,20.52,77.28,ok
482.5,1399.4,20.8,20.51,77.17,ok
483.5,1404.0,24.4,20.50,77.09,ok
484.5,1397.3,23.4,20.50,76.91,ok
485.4,1401.6,25.7,20.49,76.82,ok
486.4,1400.5,25.5,20.47,76.90,ok
487.4,1399.2,24.2,20.47,76.96,ok
488.4,1398.2,23.6,20.47,76.88,ok
489.4,1395.0,22.8,20.47,76.88,ok
490.4,1398.6,23.8,20.45,76.89,ok
491.4,1398.6,23.4,20.46,76.87,ok
492.4,1399.8,29.1,20.46,76.73,ok
494.0,1393.4,26.1,20.45,76.66,ok
495.0,1396.4,24.3,20.45,76.77,ok
496.0,1393.5,25.4,20.42,76.68,ok
496.9,1393.5,23.6,20.42,76.73,ok
497.9,1393.6,25.6,20.41,76.70,ok
498.9,1402.3,25.3,20.41,76.78,ok
499.9,1400.1,25.7,20.42,76.64,ok
500.9,1399.1,22.4,20.41,76.62,ok
501.8,1403.5,23.1,20.43,76.54,ok
502.8,1391.9,23.4,20.42,76.69,ok
503.7,1400.3,24.6,20.43,76.75,ok
504.7,1401.4,23.9,20.41,76.76,ok
505.7,1400.4,24.6,20.43,76.94,ok
506.7,1400.9,24.7,20.42,76.94,ok
507.7,1393.1,23.7,20.42,76.94,ok
508.6,1395.8,22.7,20.41,76.96,ok
509.6,1400.3,19.3,20.43,77.07,ok
510.6,1398.2,21.9,20.43,77.19,ok
511.6,1398.5,24.1,20.43,77.07,ok
512.6,1403.2,26.8,20.45,77.25,ok
513.5,1395.2,24.2,20.43,77.32,ok
514.5,1393.3,23.3,20.44,77.31,ok
515.5,1397.8,24.8,20.45,77.26,ok
516.5,1398.0,25.7,20.43,77.16,ok
517.5,1399.3,24.3,20.42,77.08,ok
518.5,1402.3,22.8,20.41,77.10,ok
519.5,1391.3,23.9,20.39,77.22,ok
520.4,1385.0,26.7,20.40,77.15,ok
521.4,1395.0,23.0,20.39,77.04,ok
522.4,1395.8,25.3,20.38,77.06,ok
523.4,1395.4,27.5,20.37,76.99,ok
524.4,1401.9,23.9,20.39,77.07,ok
525.4,1397.1,21.1,20.39,77.20,ok
526.9,1389.9,21.4,20.38,77.23,ok
527.9,1391.7,23.1,20.38,77.22,ok
528.9,1395.1,25.8,20.38,77.24,ok
529.9,1397.6,21.0,20.38,77.19,ok
530.9,1398.3,24.1,20.37,77.09,ok
531.9,1398.6,21.6,20.37,77.10,ok
532.9,1401.9,22.5,20.37,77.07,ok
533.8,1397.0,23.3,20.38,77.04,ok
534.8,1396.8,24.9,20.40,77.19,ok
535.8,1397.7,23.7,20.37,77.10,ok
536.8,1395.2,26.2,20.37,77.08,ok
537.7,1397.3,25.2,20.36,76.92,ok
538.7,1398.1,27.0,20.37,76.94,ok
539.7,1390.0,24.1,20.37,76.99,ok
540.7,1402.8,26.2,20.35,77.07,ok
541.6,1395.9,24.3,20.37,76.95,ok
542.6,1395.6,23.6,20.37,76.89,ok
543.6,1397.5,25.0,20.38,76.92,ok
544.5,1391.6,27.8,20.38,77.22,ok
545.5,1398.2,22.4,20.39,77.26,ok
546.5,1395.8,22.9,20.39,77.33,ok
547.5,1396.9,23.7,20.42,77.53,ok
548.5,1402.4,24.1,20.41,77.43,ok
549.4,1392.2,24.4,20.40,77.54,ok
550.4,1391.5,25.3,20.38,77.65,ok
551.4,1392.6,23.9,20.39,77.67,ok
552.4,1403.2,21.7,20.39,77.76,ok
553.4,1397.6,24.8,20.40,77.62,ok
554.4,1398.3,24.0,20.38,77.57,ok
555.4,1397.4,23.8,20.38,77.43,ok
556.3,1395.2,23.9,20.41,77.47,ok
557.4,1394.7,24.3,20.42,77.64,ok
558.4,1400.1,25.5,20.41,77.76,ok
560.0,1403.1,23.9,20.41,77.91,ok
561.0,1399.4,28.7,20.44,78.38,ok
561.9,1398.7,25.6,20.46,78.66,ok
562.9,1394.4,23.7,20.46,78.94,ok
563.9,1396.8,24.7,20.46,79.14,ok
564.9,1389.8,20.6,20.48,79.27,ok
565.8,1402.2,23.9,20.46,79.18,ok
566.8,1399.7,27.0,20.46,79.08,ok
567.7,1394.3,22.6,20.46,78.99,ok
568.7,1393.8,21.2,20.46,79.11,ok
569.7,1396.5,24.2,20.46,79.26,ok
570.7,1399.2,24.7,20.45,79.47,ok
571.6,1403.0,21.2,20.47,79.63,ok
572.6,1393.8,24.2,20.45,79.46,ok
573.6,1394.2,23.6,20.48,79.50,ok
574.6,1397.2,26.3,20.47,79.64,ok
575.6,1398.7,26.9,20.49,79.66,ok
576.6,1391.3,25.9,20.50,79.56,ok
577.5,1395.5,20.5,20.47,79.51,ok
578.5,1397.4,23.3,20.48,79.46,ok
579.5,1398.4,21.3,20.49,79.26,ok
580.5,1394.8,23.7,20.50,79.22,ok
581.5,1398.6,23.0,20.51,79.33,ok
582.5,1390.0,25.0,20.52,79.20,ok
583.4,1393.9,23.2,20.49,79.03,ok
584.4,1400.0,23.2,20.50,78.85,ok
585.4,1399.2,20.9,20.51,78.86,ok
586.4,1396.6,26.7,20.52,79.01,ok
587.4,1392.1,22.4,20.53,79.20,ok
588.4,1395.7,23.0,20.53,79.37,ok
589.4,1388.3,22.2,20.52,79.33,ok
590.4,1396.0,28.0,20.54,79.19,ok
591.4,1398.8,25.0,20.51,79.00,ok
593.0,1400.1,25.0,20.51,78.98,ok
594.0,1394.4,27.5,20.51,78.84,ok
594.9,1392.0,22.2,20.50,78.83,ok
595.9,1391.8,22.5,20.50,78.88,ok
596.9,1398.2,22.4,20.49,79.05,ok
597.9,1392.9,23.9,20.48,78.90,ok
598.8,1399.8,23.3,20.49,78.84,ok
599.8,1389.1,26.2,20.50,79.15,ok
