i,raw,mv
0,2559,2204
1,2512,2165
2,2582,2197
3,2546,2203
4,2528,2255
5,2559,2228
6,2514,2192
7,2519,2241
8,2491,2222
9,2589,2200
10,2596,2200
11,2559,2227
12,2525,2225
13,2543,2180
14,2559,2229
15,2559,2204
16,2513,2197
17,2559,2194
18,2559,2182
19,2558,2164
20,2559,2161
21,2649,2202
22,2588,2182
23,2532,2226
24,2559,2192
25,2543,2177
26,2553,2204
27,2559,2165
28,2530,2192
29,2518,2186
30,2546,2167
31,2610,2182
32,2587,2192
33,2503,2166
34,2539,2200
35,2559,2178
36,2559,2190
37,2530,2221
38,2511,2182
39,2558,2144
40,2531,2204
41,2559,2176
42,2559,2165
43,2539,2236
44,2559,2199
45,2544,2166
46,2526,2204
47,2493,2204
48,2503,2144
49,2516,2189
50,2553,2203
51,2512,2159
52,2559,2198
53,2592,2190
54,2478,2165
55,2549,2232
56,2559,2197
57,2532,2188
58,2557,2204
59,2517,2204
60,2513,2223
61,2538,2179
62,2549,2203
63,2589,2204
64,2585,2204
65,2592,2187
66,2542,2195
67,2594,2167
68,2532,2203
69,2521,2191
70,2549,2226
71,2525,2227
72,2541,2186
73,2619,2200
74,2537,2204
75,2550,2204
76,2559,2175
77,2559,2173
78,2544,2232
79,2523,2200
80,2597,2204
81,2501,2204
82,2506,2204
83,2559,2180
84,2559,2196
85,2559,2204
86,2559,2238
87,2522,2232
88,2547,2171
89,2555,2179
90,2583,2204
91,2596,2198
92,2543,2189
93,2518,2191
94,2598,2192
95,2599,2223
96,2522,2194
97,2528,2202
98,2609,2175
99,2554,2181
100,2531,2231
101,2557,2204
102,2549,2161
103,2545,2226
104,2586,2244
105,2582,2157
106,2544,2204
107,2599,2204
108,2530,2204
109,2529,2200
110,2534,2204
111,2541,2159
112,2535,2191
113,2559,2166
114,2559,2190
115,2443,2191
116,2597,2154
117,2587,2146
118,2544,2225
119,2586,2204
120,2517,2179
121,2581,2186
122,2559,2186
123,2559,2256
124,2545,2204
125,2546,2194
126,2519,2202
127,2555,2177
128,2589,2179
129,2590,2157
130,2496,2204
131,2544,2197
132,2510,2165
133,2559,2245
134,2559,2234
135,2559,2194
136,2581,2192
137,2538,2165
138,2559,2163
139,2529,2204
140,2535,2204
141,2550,2179
142,2545,2204
143,2559,2192
144,2518,2171
145,2608,2166
146,2559,2236
147,2543,2202
148,2545,2204
149,2544,2171
150,2559,2204
151,2559,2187
152,2512,2188
153,2547,2186
154,2533,2168
155,2546,2197
156,2601,2204
157,2514,2229
158,2527,2147
159,2559,2204
160,2559,2204
161,2559,2179
162,2593,2190
163,2550,2194
164,2541,2204
165,2538,2220
166,2591,2204
167,2559,2234
168,2551,2200
169,2539,2204
170,2543,2194
171,2521,2162
172,2527,2171
173,2581,2242
174,2544,2184
175,2559,2204
176,2559,2201
177,2587,2186
178,2541,2308
179,2545,2228
180,2539,2204
181,2506,2179
182,2602,2204
183,2544,2204
184,2559,2192
185,2544,2191
186,2547,2197
187,2542,2204
188,2512,2204
189,2559,2233
190,2544,2166
191,2559,2200
192,2582,2204
193,2580,2192
194,2538,2204
195,2554,2192
196,2559,2204
197,2597,2225
198,2549,2189
199,2550,2140
200,2525,2232
201,2487,2228
202,2605,2204
203,2585,2223
204,2610,2204
205,2559,2194
206,2559,2204
207,2519,2192
208,2511,2175
209,2541,2241
210,2553,2192
211,2598,2192
212,2599,2204
213,2558,2177
214,2539,2203
215,2602,2152
216,2543,2191
217,2543,2176
218,2547,2181
219,2544,2192
220,2480,2204
221,2547,2166
222,2544,2147
223,2587,2168
224,2581,2192
225,2551,2178
226,2559,2229
227,2541,2186
228,2544,2113
229,2559,2204
230,2559,2167
231,2517,2188
232,2599,2229
233,2491,2165
234,2602,2204
235,2583,2192
236,2545,2204
237,2502,2204
238,2555,2184
239,2541,2233
240,2519,2197
241,2559,2139
242,2547,2246
243,2549,2191
244,2559,2177
245,2512,2204
246,2592,2159
247,2546,2228
248,2593,2173
249,2538,2181
250,2550,2174
251,2543,2204
252,2559,2203
253,2499,2188
254,2606,2204
255,2537,2204
256,2555,2175
257,2530,2232
258,2521,2235
259,2559,2191
260,2590,2174
261,2551,2190
262,2559,2197
263,2559,2166
264,2559,2196
265,2549,2162
266,2518,2181
267,2559,2274
268,2559,2183
269,2554,2204
270,2542,2192
271,2559,2225
272,2501,2165
273,2549,2177
274,2523,2171
275,2583,2173
276,2559,2202
277,2522,2229
278,2526,2161
279,2558,2187
280,2559,2155
281,2512,2220
282,2559,2179
283,2595,2181
284,2583,2204
285,2503,2204
286,2550,2200
287,2559,2204
288,2544,2204
289,2512,2166
290,2603,2179
291,2535,2196
292,2559,2197
293,2557,2176
294,2544,2188
295,2535,2239
296,2530,2204
297,2551,2204
298,2521,2204
299,2509,2145
300,2553,2184
301,2546,2221
302,2559,2204
303,2522,2191
304,2545,2166
305,2539,2241
306,2587,2249
307,2534,2203
308,2534,2201
309,2595,2204
310,2593,2183
311,2534,2188
312,2559,2204
313,2589,2159
314,2587,2229
315,2546,2163
316,2603,2179
317,2544,2204
318,2546,2204
319,2582,2181
320,2519,2202
321,2551,2171
322,2607,2184
323,2559,2202
324,2545,2174
325,2543,2184
326,2549,2178
327,2559,2184
328,2559,2196
329,2497,2194
330,2523,2189
331,2558,2176
332,2583,2165
333,2538,2192
334,2559,2158
335,2559,2171
336,2543,2197
337,2559,2162
338,2589,2173
339,2498,2225
340,2559,2199
341,2549,2153
342,2518,2168
343,2482,2176
344,2547,2190
345,2507,2236
346,2519,2204
347,2512,2181
348,2559,2260
349,2512,2183
350,2540,2184
351,2589,2235
352,2595,2194
353,2514,2204
354,2559,2230
355,2516,2196
356,2535,2167
357,2543,2204
358,2544,2204
359,2551,2204
360,2610,2204
361,2465,2184
362,2546,2173
363,2559,2168
364,2529,2232
365,2546,2179
366,2532,2197
367,2559,2203
368,2528,2182
369,2546,2162
370,2551,2204
371,2518,2158
372,2541,2114
373,2514,2231
374,2597,2191
375,2599,2192
376,2517,2204
377,2559,2193
378,2505,2222
379,2537,2192
380,2512,2193
381,2559,2229
382,2544,2166
383,2588,2171
384,2544,2169
385,2512,2237
386,2595,2154
387,2594,2204
388,2529,2183
389,2538,2177
390,2517,2256
391,2559,2204
392,2559,2188
393,2540,2229
394,2607,2204
395,2485,2179
396,2559,2192
397,2541,2176
398,2553,2193
399,2609,2179
400,2559,2192
401,2559,2204
402,2519,2190
403,2593,2139
404,2582,2228
405,2589,2204
406,2554,2179
407,2559,2166
408,2512,2194
409,2641,2204
410,2559,2197
411,2558,2204
412,2559,2204
413,2530,2192
414,2550,2204
415,2514,2187
416,2541,2200
417,2511,2196
418,2539,2229
419,2559,2204
420,2535,2203
421,2558,2192
422,2559,2204
423,2482,2197
424,2550,2171
425,2531,2229
426,2552,2160
427,2523,2199
428,2518,2183
429,2506,2243
430,2541,2230
431,2536,2196
432,2515,2167
433,2587,2175
434,2559,2204
435,2559,2204
436,2545,2194
437,2604,2186
438,2553,2204
439,2593,2204
440,2559,2204
441,2580,2204
442,2525,2204
443,2555,2149
444,2583,2165
445,2581,2203
446,2559,2188
447,2585,2179
448,2523,2196
449,2554,2181
450,2543,2183
451,2515,2204
452,2559,2188
453,2552,2176
454,2559,2204
455,2541,2203
456,2485,2204
457,2583,2243
458,2512,2158
459,2554,2176
460,2537,2221
461,2527,2173
462,2645,2181
463,2547,2228
464,2602,2199
465,2559,2222
466,2555,2204
467,2550,2176
468,2559,2163
469,2558,2221
470,2590,2186
471,2556,2180
472,2480,2192
473,2554,2235
474,2559,2202
475,2559,2199
476,2547,2239
477,2559,2186
478,2496,2163
479,2518,2225
480,2500,2204
481,2588,2223
482,2603,2188
483,2555,2204
484,2559,2204
485,2559,2164
486,2555,2176
487,2507,2197
488,2623,2204
489,2559,2204
490,2544,2159
491,2523,2223
492,2528,2204
493,2559,2230
494,2555,2246
495,2480,2244
496,2533,2167
497,2551,2175
498,2512,2204
499,2559,2204
500,2553,2230
501,2544,2204
502,2594,2183
503,2545,2173
504,2544,2192
505,2554,2204
506,2559,2204
507,2550,2204
508,2559,2223
509,2589,2194
510,2545,2204
511,2589,2161
512,2495,2204
513,2559,2204
514,2548,2187
515,2587,2204
516,2593,2194
517,2601,2125
518,2539,2170
519,2602,2149
520,2586,2204
521,2512,2204
522,2559,2189
523,2555,2204
524,2531,2204
525,2551,2179
526,2555,2258
527,2555,2192
528,2559,2204
529,2559,2192
530,2547,2171
531,2559,2204
532,2545,2222
533,2544,2204
534,2611,2241
535,2607,2179
536,2603,2153
537,2512,2175
538,2614,2197
539,2559,2204
540,2583,2244
541,2559,2187
542,2559,2200
543,2547,2182
544,2559,2204
545,2543,2204
546,2543,2141
547,2535,2178
548,2559,2204
549,2511,2204
550,2559,2183
551,2549,2225
552,2595,2203
553,2559,2194
554,2544,2190
555,2535,2204
556,2512,2204
557,2541,2193
558,2608,2153
559,2514,2192
560,2482,2204
561,2499,2241
562,2559,2192
563,2583,2197
564,2557,2248
565,2559,2226
566,2599,2194
567,2522,2168
568,2597,2194
569,2559,2183
570,2544,2166
571,2531,2194
572,2511,2183
573,2553,2191
574,2582,2173
575,2559,2241
576,2530,2234
577,2557,2200
578,2548,2191
579,2559,2157
580,2609,2194
581,2559,2192
582,2559,2179
583,2510,2190
584,2522,2201
585,2529,2197
586,2526,2196
587,2526,2193
588,2546,2167
589,2537,2241
590,2559,2204
591,2547,2183
592,2531,2194
593,2547,2204
594,2544,2204
595,2542,2191
596,2538,2181
597,2606,2221
598,2538,2192
599,2518,2191
600,2578,2184
601,2515,2154
602,2559,2225
603,2559,2180
604,2535,2204
605,2559,2232
606,2629,2196
607,2543,2163
608,2501,2204
609,2605,2191
610,2528,2168
611,2521,2140
612,2503,2184
613,2512,2247
614,2559,2188
615,2546,2226
616,2543,2197
617,2503,2191
618,2541,2175
619,2544,2229
620,2546,2193
621,2546,2166
622,2627,2202
623,2521,2204
624,2483,2181
625,2581,2204
626,2559,2192
627,2544,2179
628,2585,2225
629,2559,2166
630,2550,2176
631,2528,2246
632,2493,2184
633,2527,2204
634,2585,2163
635,2496,2181
636,2557,2181
637,2622,2192
638,2544,2135
639,2559,2204
640,2553,2177
641,2551,2225
642,2588,2233
643,2559,2242
644,2590,2182
645,2510,2204
646,2546,2183
647,2559,2200
648,2543,2204
649,2551,2140
650,2529,2226
651,2531,2183
652,2525,2229
653,2506,2233
654,2512,2194
655,2559,2236
656,2558,2225
657,2542,2196
658,2527,2192
659,2554,2178
660,2554,2226
661,2608,2202
662,2559,2179
663,2557,2204
664,2559,2165
665,2553,2204
666,2541,2171
667,2551,2178
668,2517,2204
669,2513,2158
670,2581,2202
671,2503,2182
672,2559,2230
673,2526,2204
674,2559,2165
675,2557,2200
676,2547,2204
677,2559,2191
678,2559,2197
679,2508,2186
680,2521,2204
681,2535,2200
682,2559,2196
683,2505,2204
684,2559,2192
685,2559,2204
686,2544,2183
687,2559,2170
688,2543,2204
689,2551,2197
690,2602,2175
691,2603,2174
692,2544,2178
693,2592,2192
694,2523,2167
695,2534,2176
696,2489,2204
697,2608,2228
698,2559,2163
699,2559,2198
700,2545,2176
701,2554,2204
702,2559,2192
703,2603,2197
704,2544,2204
705,2559,2234
706,2554,2204
707,2547,2166
708,2581,2255
709,2512,2180
710,2601,2204
711,2517,2192
712,2545,2180
713,2545,2192
714,2512,2176
715,2559,2202
716,2603,2184
717,2551,2182
718,2582,2188
719,2556,2204
720,2503,2221
721,2623,2176
722,2542,2194
723,2558,2165
724,2579,2166
725,2511,2204
726,2536,2157
727,2559,2230
728,2510,2221
729,2511,2153
730,2545,2204
731,2547,2235
732,2547,2192
733,2559,2204
734,2559,2174
735,2514,2197
736,2557,2190
737,2550,2199
738,2527,2149
739,2517,2166
740,2559,2192
741,2530,2186
742,2580,2227
743,2559,2173
744,2559,2186
745,2559,2146
746,2549,2204
747,2550,2188
748,2541,2199
749,2593,2193
750,2559,2170
751,2608,2179
752,2598,2196
753,2546,2204
754,2550,2188
755,2531,2204
756,2539,2149
757,2544,2187
758,2559,2204
759,2544,2171
760,2602,2183
761,2546,2234
762,2505,2184
763,2463,2171
764,2527,2204
765,2453,2192
766,2559,2225
767,2529,2191
768,2559,2179
769,2545,2204
770,2461,2243
771,2483,2204
772,2546,2204
773,2475,2179
774,2559,2167
775,2559,2204
776,2559,2204
777,2581,2186
778,2548,2197
779,2559,2220
780,2544,2232
781,2480,2162
782,2587,2192
783,2559,2204
784,2544,2233
785,2539,2200
786,2555,2204
787,2546,2166
788,2587,2228
789,2559,2178
790,2517,2170
791,2505,2223
792,2552,2155
793,2537,2178
794,2530,2204
795,2625,2195
796,2537,2167
797,2522,2181
798,2585,2204
799,2559,2171
800,2533,2138
801,2559,2170
802,2581,2192
803,2559,2186
804,2538,2183
805,2559,2179
806,2557,2186
807,2559,2166
808,2555,2187
809,2559,2242
810,2553,2170
811,2535,2204
812,2593,2228
813,2559,2190
814,2510,2154
815,2559,2204
816,2528,2204
817,2559,2204
818,2545,2163
819,2591,2192
820,2559,2232
821,2542,2222
822,2517,2175
823,2543,2174
824,2594,2204
825,2583,2252
826,2541,2204
827,2559,2191
828,2538,2177
829,2559,2204
830,2537,2202
831,2558,2232
832,2544,2171
833,2559,2192
834,2559,2191
835,2523,2171
836,2540,2197
837,2514,2199
838,2514,2192
839,2559,2222
840,2559,2204
841,2533,2200
842,2546,2169
843,2500,2188
844,2559,2167
845,2559,2204
846,2559,2204
847,2521,2193
848,2525,2225
849,2559,2231
850,2519,2204
851,2559,2191
852,2559,2183
853,2554,2204
854,2539,2118
855,2547,2197
856,2512,2168
857,2559,2176
858,2547,2186
859,2627,2184
860,2612,2233
861,2538,2239
862,2539,2194
863,2529,2192
864,2544,2204
865,2596,2225
866,2559,2240
867,2543,2204
868,2544,2196
869,2599,2171
870,2558,2204
871,2537,2204
872,2592,2181
873,2534,2196
874,2539,2228
875,2559,2199
876,2512,2204
877,2535,2204
878,2548,2186
879,2539,2165
880,2559,2204
881,2559,2199
882,2544,2189
883,2581,2220
884,2511,2223
885,2592,2242
886,2540,2184
887,2543,2165
888,2559,2167
889,2559,2167
890,2559,2175
891,2529,2229
892,2525,2221
893,2503,2200
894,2538,2177
895,2582,2204
896,2559,2204
897,2586,2234
898,2579,2241
899,2608,2196
900,2541,2226
901,2559,2172
902,2587,2204
903,2559,2204
904,2553,2179
905,2503,2221
906,2559,2239
907,2515,2204
908,2559,2177
909,2529,2223
910,2546,2171
911,2608,2204
912,2512,2153
913,2559,2204
914,2512,2193
915,2544,2184
916,2545,2204
917,2583,2204
918,2559,2204
919,2559,2233
920,2531,2204
921,2540,2157
922,2514,2204
923,2559,2240
924,2595,2200
925,2551,2204
926,2546,2189
927,2545,2194
928,2603,2226
929,2559,2204
930,2519,2178
931,2603,2163
932,2559,2204
933,2506,2162
934,2559,2231
935,2534,2174
936,2523,2192
937,2533,2204
938,2502,2204
939,2534,2204
940,2559,2199
941,2518,2167
942,2534,2188
943,2559,2241
944,2559,2243
945,2530,2197
946,2544,2204
947,2549,2199
948,2535,2191
949,2477,2200
950,2559,2175
951,2543,2192
952,2555,2196
953,2519,2175
954,2529,2189
955,2544,2167
956,2619,2204
957,2551,2183
958,2454,2183
959,2547,2180
960,2604,2194
961,2548,2192
962,2608,2200
963,2559,2203
964,2532,2204
965,2605,2195
966,2559,2201
967,2546,2233
968,2587,2204
969,2551,2238
970,2554,2202
971,2544,2147
972,2598,2192
973,2545,2192
974,2542,2234
975,2555,2187
976,2585,2192
977,2587,2204
978,2542,2173
979,2559,2203
980,2543,2196
981,2542,2186
982,2559,2225
983,2556,2204
984,2545,2239
985,2559,2204
986,2559,2204
987,2558,2204
988,2537,2158
989,2544,2196
990,2514,2222
991,2553,2176
992,2546,2234
993,2559,2187
994,2542,2154
995,2546,2232
996,2512,2189
997,2544,2176
998,2534,2226
999,2611,2204
1000,2543,2179
1001,2597,2154
1002,2547,2199
1003,2514,2192
1004,2583,2233
1005,2510,2176
1006,2629,2194
1007,2538,2179
1008,2585,2166
1009,2524,2231
1010,2543,2192
1011,2531,2194
1012,2525,2204
1013,2512,2204
1014,2495,2168
1015,2555,2192
1016,2557,2241
1017,2515,2204
1018,2557,2204
1019,2623,2196
1020,2559,2171
1021,2559,2150
1022,2541,2204
1023,2554,2168
1024,2559,2204
1025,2559,2176
1026,2516,2183
1027,2523,2189
1028,2535,2204
1029,2559,2177
1030,2553,2221
1031,2530,2192
1032,2553,2188
1033,2559,2183
1034,2608,2192
1035,2559,2193
1036,2579,2190
1037,2559,2199
1038,2512,2204
1039,2518,2200
1040,2515,2204
1041,2544,2192
1042,2559,2176
1043,2549,2181
1044,2610,2196
1045,2550,2193
1046,2480,2173
1047,2559,2189
1048,2510,2175
1049,2535,2142
1050,2550,2204
1051,2559,2176
1052,2526,2186
1053,2530,2187
1054,2589,2225
1055,2531,2171
1056,2559,2222
1057,2531,2192
1058,2559,2200
1059,2533,2204
1060,2608,2200
1061,2503,2204
1062,2557,2204
1063,2556,2189
1064,2559,2166
1065,2538,2204
1066,2559,2184
1067,2558,2183
1068,2538,2197
1069,2491,2222
1070,2533,2204
1071,2614,2164
1072,2589,2220
1073,2559,2204
1074,2546,2182
1075,2535,2176
1076,2533,2246
1077,2544,2204
1078,2559,2197
1079,2495,2167
1080,2525,2168
1081,2527,2196
1082,2598,2170
1083,2559,2202
1084,2550,2184
1085,2531,2204
1086,2521,2256
1087,2559,2189
1088,2549,2192
1089,2511,2200
1090,2527,2145
1091,2544,2193
1092,2533,2171
1093,2581,2204
1094,2537,2168
1095,2559,2197
1096,2522,2229
1097,2559,2192
1098,2549,2194
1099,2602,2204
1100,2512,2204
1101,2551,2204
1102,2512,2271
1103,2527,2232
1104,2497,2191
1105,2592,2204
1106,2543,2204
1107,2512,2196
1108,2582,2166
1109,2559,2191
1110,2553,2194
1111,2557,2204
1112,2606,2243
1113,2580,2243
1114,2609,2176
1115,2588,2192
1116,2552,2175
1117,2544,2203
1118,2559,2166
1119,2530,2192
1120,2528,2204
1121,2559,2186
1122,2551,2204
1123,2559,2200
1124,2535,2223
1125,2591,2204
1126,2558,2176
1127,2529,2204
1128,2505,2168
1129,2551,2154
1130,2588,2229
1131,2523,2237
1132,2559,2204
1133,2535,2204
1134,2502,2204
1135,2559,2178
1136,2531,2198
1137,2512,2168
1138,2583,2179
1139,2559,2175
1140,2599,2174
1141,2493,2204
1142,2501,2178
1143,2608,2166
1144,2512,2192
1145,2559,2162
1146,2544,2204
1147,2559,2179
1148,2559,2178
1149,2544,2200
1150,2591,2204
1151,2559,2190
1152,2580,2166
1153,2512,2219
1154,2494,2195
1155,2532,2166
1156,2559,2167
1157,2581,2179
1158,2549,2194
1159,2528,2165
1160,2531,2170
1161,2543,2196
1162,2608,2200
1163,2522,2190
1164,2541,2204
1165,2559,2183
1166,2501,2204
1167,2537,2175
1168,2557,2171
1169,2529,2179
1170,2508,2188
1171,2545,2204
1172,2607,2164
1173,2532,2188
1174,2548,2178
1175,2505,2199
1176,2510,2191
1177,2511,2194
1178,2640,2204
1179,2559,2204
1180,2512,2192
1181,2590,2222
1182,2531,2177
1183,2558,2223
1184,2559,2170
1185,2538,2170
1186,2529,2182
1187,2518,2176
1188,2513,2192
1189,2582,2171
1190,2522,2204
1191,2497,2204
1192,2537,2188
1193,2527,2239
1194,2598,2114
1195,2516,2203
1196,2559,2221
1197,2556,2174
1198,2586,2204
1199,2547,2192
1200,2557,2204
1201,2559,2183
1202,2541,2229
1203,2559,2180
1204,2522,2204
1205,2554,2233
1206,2509,2204
1207,2538,2204
1208,2532,2175
1209,2543,2188
1210,2496,2221
1211,2582,2242
1212,2586,2150
1213,2559,2195
1214,2515,2159
1215,2510,2192
1216,2512,2192
1217,2559,2159
1218,2534,2190
1219,2534,2166
1220,2559,2191
1221,2588,2188
1222,2542,2204
1223,2535,2171
1224,2559,2204
1225,2540,2186
1226,2553,2204
1227,2553,2204
1228,2558,2204
1229,2530,2204
1230,2587,2204
1231,2525,2204
1232,2553,2228
1233,2559,2192
1234,2607,2166
1235,2543,2204
1236,2526,2203
1237,2595,2174
1238,2528,2204
1239,2609,2204
1240,2609,2166
1241,2535,2149
1242,2544,2222
1243,2544,2246
1244,2545,2204
1245,2527,2194
1246,2559,2146
1247,2559,2187
1248,2547,2239
1249,2550,2177
1250,2534,2204
1251,2512,2192
1252,2559,2193
1253,2608,2234
1254,2559,2186
1255,2602,2221
1256,2555,2191
1257,2585,2166
1258,2538,2203
1259,2510,2200
1260,2532,2204
1261,2537,2192
1262,2555,2152
1263,2559,2254
1264,2559,2204
1265,2559,2197
1266,2608,2229
1267,2559,2243
1268,2608,2202
1269,2521,2167
1270,2499,2269
1271,2506,2204
1272,2529,2197
1273,2518,2165
1274,2541,2231
1275,2509,2231
1276,2599,2171
1277,2512,2173
1278,2554,2204
1279,2545,2177
1280,2534,2164
1281,2543,2171
1282,2555,2225
1283,2523,2183
1284,2538,2192
1285,2523,2173
1286,2538,2200
1287,2547,2204
1288,2608,2221
1289,2551,2192
1290,2559,2204
1291,2547,2228
1292,2596,2190
1293,2544,2204
1294,2518,2204
1295,2499,2162
1296,2587,2167
1297,2608,2204
1298,2531,2171
1299,2559,2243
1300,2586,2204
1301,2518,2204
1302,2516,2170
1303,2495,2161
1304,2509,2184
1305,2534,2200
1306,2559,2204
1307,2559,2242
1308,2554,2204
1309,2551,2204
1310,2598,2184
1311,2590,2204
1312,2603,2162
1313,2559,2204
1314,2501,2173
1315,2547,2191
1316,2528,2191
1317,2544,2274
1318,2611,2233
1319,2559,2204
1320,2527,2200
1321,2557,2166
1322,2534,2184
1323,2513,2204
1324,2556,2179
1325,2553,2204
1326,2515,2229
1327,2517,2204
1328,2511,2192
1329,2534,2204
1330,2559,2204
1331,2559,2234
1332,2559,2196
1333,2530,2170
1334,2542,2146
1335,2529,2204
1336,2559,2192
1337,2558,2204
1338,2515,2176
1339,2521,2179
1340,2635,2204
1341,2559,2204
1342,2608,2231
1343,2542,2174
1344,2544,2171
1345,2509,2228
1346,2588,2203
1347,2582,2183
1348,2559,2200
1349,2519,2194
1350,2544,2269
1351,2515,2225
1352,2512,2204
1353,2545,2204
1354,2541,2171
1355,2559,2196
1356,2541,2221
1357,2537,2175
1358,2549,2233
1359,2558,2179
1360,2544,2190
1361,2557,2191
1362,2608,2236
1363,2559,2204
1364,2585,2188
1365,2557,2204
1366,2496,2182
1367,2546,2196
1368,2538,2194
1369,2525,2194
1370,2550,2180
1371,2595,2178
1372,2529,2183
1373,2542,2178
1374,2559,2202
1375,2534,2179
1376,2559,2194
1377,2544,2204
1378,2530,2231
1379,2559,2184
1380,2506,2184
1381,2530,2228
1382,2559,2171
1383,2553,2204
1384,2549,2204
1385,2527,2178
1386,2549,2204
1387,2555,2184
1388,2512,2192
1389,2491,2178
1390,2531,2177
1391,2556,2197
1392,2557,2223
1393,2559,2243
1394,2545,2148
1395,2525,2192
1396,2518,2167
1397,2510,2192
1398,2559,2151
1399,2611,2166
1400,2608,2191
1401,2550,2192
1402,2527,2204
1403,2545,2200
1404,2509,2204
1405,2547,2176
1406,2525,2204
1407,2546,2228
1408,2523,2188
1409,2550,2204
1410,2559,2175
1411,2539,2229
1412,2559,2157
1413,2513,2196
1414,2559,2229
1415,2547,2225
1416,2531,2229
1417,2551,2204
1418,2512,2154
1419,2523,2204
1420,2533,2202
1421,2593,2235
1422,2597,2163
1423,2609,2204
1424,2530,2225
1425,2534,2196
1426,2559,2170
1427,2559,2233
1428,2583,2204
1429,2539,2233
1430,2579,2142
1431,2559,2203
1432,2557,2196
1433,2559,2204
1434,2558,2192
1435,2558,2197
1436,2533,2193
1437,2586,2231
1438,2556,2203
1439,2591,2192
1440,2525,2204
1441,2559,2204
1442,2544,2229
1443,2602,2204
1444,2555,2251
1445,2525,2192
1446,2549,2192
1447,2610,2182
1448,2546,2204
1449,2610,2184
1450,2547,2235
1451,2548,2148
1452,2541,2180
1453,2559,2168
1454,2555,2204
1455,2603,2167
1456,2559,2185
1457,2559,2204
1458,2554,2191
1459,2515,2183
1460,2535,2180
1461,2540,2203
1462,2559,2172
1463,2519,2202
1464,2558,2204
1465,2547,2175
1466,2531,2236
1467,2501,2225
1468,2525,2246
1469,2559,2202
1470,2529,2130
1471,2559,2154
1472,2544,2173
1473,2522,2204
1474,2549,2238
1475,2558,2183
1476,2522,2191
1477,2597,2241
1478,2543,2171
1479,2559,2202
1480,2548,2140
1481,2591,2204
1482,2531,2176
1483,2559,2190
1484,2545,2204
1485,2559,2204
1486,2538,2200
1487,2581,2166
1488,2559,2178
1489,2548,2162
1490,2559,2236
1491,2527,2246
1492,2542,2204
1493,2559,2204
1494,2559,2204
1495,2559,2204
1496,2559,2231
1497,2589,2191
1498,2543,2221
1499,2592,2177
1500,2552,2204
1501,2540,2166
1502,2543,2204
1503,2538,2167
1504,2539,2220
1505,2675,2186
1506,2532,2184
1507,2559,2227
1508,2559,2204
1509,2530,2192
1510,2543,2204
1511,2591,2166
1512,2541,2176
1513,2559,2200
1514,2591,2204
1515,2544,2235
1516,2559,2181
1517,2559,2184
1518,2549,2192
1519,2547,2154
1520,2532,2202
1521,2559,2175
1522,2544,2204
1523,2551,2148
1524,2559,2180
1525,2559,2225
1526,2589,2151
1527,2581,2192
1528,2519,2192
1529,2511,2187
1530,2593,2204
1531,2502,2236
1532,2585,2176
1533,2595,2179
1534,2559,2235
1535,2491,2192
1536,2530,2192
1537,2525,2178
1538,2538,2190
1539,2559,2204
1540,2559,2163
1541,2548,2238
1542,2539,2183
1543,2557,2192
1544,2502,2146
1545,2544,2204
1546,2545,2179
1547,2555,2202
1548,2542,2179
1549,2558,2192
1550,2528,2200
1551,2559,2188
1552,2544,2204
1553,2492,2194
1554,2583,2174
1555,2579,2204
1556,2545,2204
1557,2533,2197
1558,2587,2193
1559,2602,2153
1560,2559,2204
1561,2586,2164
1562,2559,2204
1563,2539,2204
1564,2545,2191
1565,2549,2188
1566,2535,2204
1567,2559,2235
1568,2559,2202
1569,2547,2181
1570,2531,2204
1571,2529,2204
1572,2593,2189
1573,2528,2166
1574,2547,2163
1575,2525,2240
1576,2544,2234
1577,2514,2204
1578,2559,2204
1579,2554,2204
1580,2556,2204
1581,2522,2225
1582,2593,2236
1583,2606,2204
1584,2543,2191
1585,2527,2204
1586,2533,2175
1587,2559,2181
1588,2590,2154
1589,2543,2189
1590,2559,2179
1591,2547,2175
1592,2617,2196
1593,2517,2204
1594,2559,2191
1595,2559,2186
1596,2559,2183
1597,2609,2221
1598,2507,2204
1599,2589,2177
1600,2559,2196
1601,2544,2188
1602,2535,2179
1603,2587,2237
1604,2559,2227
1605,2477,2223
1606,2559,2204
1607,2598,2171
1608,2535,2136
1609,2510,2192
1610,2601,2171
1611,2522,2221
1612,2542,2188
1613,2594,2138
1614,2559,2228
1615,2523,2249
1616,2581,2238
1617,2505,2170
1618,2525,2151
1619,2551,2231
1620,2593,2175
1621,2559,2177
1622,2613,2193
1623,2544,2125
1624,2510,2231
1625,2559,2159
1626,2559,2158
1627,2543,2192
1628,2559,2171
1629,2528,2192
1630,2522,2190
1631,2544,2204
1632,2592,2192
1633,2538,2176
1634,2559,2204
1635,2559,2192
1636,2546,2089
1637,2538,2204
1638,2525,2241
1639,2581,2204
1640,2423,2221
1641,2542,2203
1642,2525,2238
1643,2559,2231
1644,2559,2184
1645,2591,2204
1646,2534,2196
1647,2527,2204
1648,2605,2169
1649,2559,2191
1650,2546,2243
1651,2503,2244
1652,2544,2226
1653,2515,2181
1654,2552,2192
1655,2514,2230
1656,2551,2197
1657,2553,2228
1658,2590,2146
1659,2557,2204
1660,2555,2173
1661,2559,2176
1662,2499,2190
1663,2558,2136
1664,2544,2186
1665,2551,2244
1666,2540,2189
1667,2498,2223
1668,2559,2187
1669,2589,2192
1670,2550,2175
1671,2501,2181
1672,2540,2191
1673,2534,2181
1674,2559,2178
1675,2559,2158
1676,2606,2194
1677,2523,2223
1678,2559,2204
1679,2538,2184
1680,2557,2204
1681,2559,2181
1682,2581,2175
1683,2527,2230
1684,2607,2178
1685,2559,2204
1686,2559,2202
1687,2544,2166
1688,2489,2196
1689,2526,2199
1690,2559,2171
1691,2582,2190
1692,2587,2183
1693,2531,2176
1694,2521,2202
1695,2553,2204
1696,2496,2255
1697,2527,2192
1698,2597,2204
1699,2538,2279
1700,2597,2170
1701,2519,2204
1702,2494,2229
1703,2548,2199
1704,2519,2186
1705,2559,2202
1706,2559,2204
1707,2551,2153
1708,2546,2225
1709,2515,2171
1710,2542,2222
1711,2533,2181
1712,2543,2204
1713,2546,2192
1714,2559,2200
1715,2559,2183
1716,2559,2202
1717,2545,2204
1718,2523,2199
1719,2531,2230
1720,2532,2192
1721,2555,2176
1722,2611,2195
1723,2551,2192
1724,2531,2204
1725,2601,2196
1726,2559,2138
1727,2557,2204
1728,2546,2197
1729,2534,2192
1730,2592,2230
1731,2559,2204
1732,2512,2204
1733,2548,2192
1734,2559,2165
1735,2547,2179
1736,2513,2204
1737,2543,2166
1738,2543,2192
1739,2526,2194
1740,2521,2226
1741,2518,2188
1742,2530,2168
1743,2559,2204
1744,2608,2181
1745,2535,2194
1746,2582,2181
1747,2544,2179
1748,2543,2195
1749,2559,2247
1750,2535,2200
1751,2559,2161
1752,2521,2195
1753,2529,2229
1754,2554,2159
1755,2529,2204
1756,2559,2221
1757,2559,2220
1758,2539,2203
1759,2547,2204
1760,2523,2200
1761,2559,2204
1762,2583,2204
1763,2526,2189
1764,2555,2233
1765,2512,2222
1766,2499,2204
1767,2594,2183
1768,2528,2159
1769,2590,2144
1770,2515,2192
1771,2631,2231
1772,2582,2204
1773,2521,2175
1774,2551,2204
1775,2587,2166
1776,2580,2147
1777,2539,2204
1778,2543,2204
1779,2539,2204
1780,2610,2178
1781,2483,2243
1782,2542,2179
1783,2559,2194
1784,2555,2101
1785,2549,2178
1786,2586,2200
1787,2555,2242
1788,2559,2200
1789,2599,2184
1790,2518,2167
1791,2559,2192
1792,2517,2166
1793,2499,2204
1794,2556,2192
1795,2559,2139
1796,2544,2175
1797,2597,2195
1798,2559,2171
1799,2559,2196
1800,2558,2175
1801,2512,2169
1802,2559,2204
1803,2528,2173
1804,2550,2228
1805,2553,2204
1806,2559,2225
1807,2539,2204
1808,2551,2200
1809,2518,2202
1810,2528,2183
1811,2583,2187
1812,2551,2187
1813,2559,2191
1814,2539,2166
1815,2559,2204
1816,2559,2200
1817,2549,2202
1818,2506,2234
1819,2519,2197
1820,2559,2226
1821,2603,2163
1822,2544,2171
1823,2553,2222
1824,2530,2175
1825,2534,2204
1826,2551,2176
1827,2559,2200
1828,2593,2183
1829,2547,2165
1830,2557,2221
1831,2559,2204
1832,2531,2193
1833,2597,2191
1834,2534,2204
1835,2545,2243
1836,2559,2193
1837,2546,2204
1838,2523,2156
1839,2528,2192
1840,2512,2154
1841,2549,2221
1842,2616,2177
1843,2608,2193
1844,2549,2180
1845,2559,2190
1846,2527,2192
1847,2515,2204
1848,2512,2196
1849,2593,2268
1850,2559,2241
1851,2530,2204
1852,2544,2204
1853,2556,2202
1854,2534,2167
1855,2539,2192
1856,2555,2239
1857,2512,2149
1858,2519,2180
1859,2545,2181
1860,2555,2221
1861,2559,2176
1862,2521,2177
1863,2639,2223
1864,2559,2204
1865,2559,2184
1866,2550,2181
1867,2525,2181
1868,2477,2165
1869,2592,2166
1870,2559,2170
1871,2556,2204
1872,2544,2234
1873,2579,2203
1874,2606,2192
1875,2559,2166
1876,2587,2192
1877,2555,2172
1878,2595,2164
1879,2559,2203
1880,2581,2188
1881,2528,2192
1882,2559,2201
1883,2512,2220
1884,2587,2187
1885,2535,2171
1886,2559,2204
1887,2559,2250
1888,2559,2268
1889,2535,2180
1890,2535,2204
1891,2557,2204
1892,2551,2204
1893,2515,2196
1894,2518,2193
1895,2559,2193
1896,2559,2166
1897,2529,2204
1898,2551,2146
1899,2558,2176
1900,2512,2221
1901,2480,2167
1902,2500,2203
1903,2554,2204
1904,2544,2192
1905,2541,2192
1906,2582,2200
1907,2502,2200
1908,2550,2194
1909,2529,2150
1910,2581,2204
1911,2559,2196
1912,2559,2173
1913,2559,2200
1914,2608,2191
1915,2539,2252
1916,2559,2189
1917,2539,2204
1918,2558,2203
1919,2595,2204
1920,2592,2192
1921,2559,2192
1922,2589,2204
1923,2538,2204
1924,2546,2189
1925,2529,2173
1926,2525,2191
1927,2551,2192
1928,2559,2221
1929,2591,2171
1930,2527,2229
1931,2531,2190
1932,2559,2175
1933,2581,2166
1934,2542,2228
1935,2559,2204
1936,2526,2152
1937,2586,2181
1938,2544,2167
1939,2545,2174
1940,2533,2188
1941,2614,2188
1942,2505,2196
1943,2497,2229
1944,2614,2171
1945,2540,2204
1946,2546,2186
1947,2554,2233
1948,2528,2237
1949,2529,2161
1950,2559,2204
1951,2558,2235
1952,2599,2225
1953,2519,2204
1954,2525,2197
1955,2532,2226
1956,2558,2176
1957,2559,2204
1958,2505,2167
1959,2550,2200
1960,2559,2192
1961,2523,2228
1962,2489,2204
1963,2526,2204
1964,2545,2204
1965,2533,2204
1966,2554,2159
1967,2595,2230
1968,2599,2195
1969,2535,2192
1970,2611,2233
1971,2559,2196
1972,2512,2194
1973,2543,2181
1974,2581,2204
1975,2559,2204
1976,2559,2183
1977,2555,2187
1978,2529,2175
1979,2515,2175
1980,2559,2233
1981,2492,2194
1982,2541,2167
1983,2521,2204
1984,2530,2241
1985,2549,2192
1986,2591,2150
1987,2583,2191
1988,2586,2176
1989,2559,2192
1990,2559,2194
1991,2559,2193
1992,2557,2179
1993,2559,2154
1994,2523,2164
1995,2497,2193
1996,2539,2194
1997,2559,2179
1998,2608,2265
1999,2522,2187
